GPA,Family_Income_K_PHP,Extracurricular_Activities,Admission_Exam_Score,Scholarship_Grant
2.49816047538945,1086.2553917588143,2,74.29844376107923,1
4.802857225639665,1010.4455674964888,8,91.44156500506108,1
3.9279757672456204,148.71992503222782,4,78.80060264323029,1
3.3946339367881464,748.370872489697,7,85.7641092206768,0
1.624074561769746,822.3716756931284,6,90.93498356515511,1
1.6239780813448106,857.7632837041109,7,97.0079233360621,1
1.2323344486727978,1202.3275015319314,6,93.76573584405028,1
4.46470458309974,1113.844838781069,2,90.29083203618173,0
3.404460046972835,1255.0196763075448,1,90.38899547185432,1
3.832290311184182,1553.2781969300438,6,98.3777393209626,1
1.0823379771832098,1644.6729035605777,2,78.87472292489608,1
4.879639408647977,1464.4338448303395,2,70.03336282588562,1
4.329770563201687,1915.495022314376,1,78.15863678194596,0
1.8493564427131046,134.6419070850871,3,76.53674138880231,1
1.7272998688284025,471.9781727987376,7,89.85503755341995,1
1.7336180394137353,114.36946245847003,0,89.01134799296587,1
2.216968971838151,1330.2019568937458,0,87.80384148114172,1
3.0990257265289514,1806.2580430049752,4,70.48730329628361,1
2.727780074568463,562.6163634949686,10,91.86334163351943,1
2.1649165607921677,1861.3656351129825,4,79.70591237456475,0
3.447411578889518,214.50804155016561,10,89.95167967019893,1
1.5579754426081673,1875.428450930477,0,86.6973528550646,1
2.1685785941408726,768.0831057553054,5,80.28192776283721,1
2.465447373174767,292.69957405351136,0,74.03728801312323,0
2.8242799368681437,1023.1563424540187,4,72.83256692981443,1
4.140703845572054,587.8754786689651,8,94.94554999336671,1
1.798695128633439,641.2585137276534,4,97.55192626244674,1
3.0569377536544464,683.8509333599445,5,89.49364140292899,1
3.36965827544817,1625.7492058820606,7,73.1030234458145,1
1.185801650879991,1124.4064256829836,10,82.06081650664723,1
3.4301794076057535,691.484628396407,0,91.86817600315472,1
1.6820964947491661,1259.634188290745,1,93.39462652030204,1
1.260206371941118,1460.6862810240677,8,73.54655866873266,1
4.7955421490133325,617.9856013937142,2,70.00092156536147,0
4.862528132298237,885.7432928981679,5,91.36411137641815,1
4.233589392465845,331.58357734020035,4,80.69788527958617,1
2.2184550766934827,444.1837641158926,10,77.63443994854781,1
1.3906884560255355,1394.1239225334673,1,70.38692409368576,1
3.7369321060486276,444.7328606216912,6,86.208982202845,1
2.760609974958405,1097.8104289674143,3,95.53452206277944,0
1.4881529393791153,1447.1878972726222,0,98.72894938817764,0
2.9807076404450807,303.0661538800133,3,86.97234851839868,1
1.1375540844608736,1177.8932172949167,5,85.43383983219682,1
4.637281608315128,587.4692890325912,6,72.55169156467723,1
2.0351199264000677,1929.5610629514017,6,86.46618404627799,0
3.650089137415928,1018.736728767857,6,81.39937236896183,1
2.246844304357644,1631.3858445728004,2,88.21405842650731,1
3.0802720847112433,1145.4304300968975,5,81.6617904362964,0
3.1868411173731186,182.4838124241564,7,77.208973703511,1
1.7394178221021082,1302.9876136286425,3,72.84895825685129,0
4.878338511058234,1907.6663501926482,7,79.44755333766687,1
4.100531293444458,1243.0624582780292,1,72.89934502863257,0
4.757995766256757,1656.4588329109015,9,75.30690852471952,0
4.579309401710596,1779.9922803619747,8,99.62008475738638,1
3.3915999152443406,533.3515667029717,8,83.32310670719856,1
4.687496940092467,502.8851958256306,7,85.95615299515049,1
1.353970008207678,1260.8638788168844,9,96.20855586211647,0
1.7839314496765808,880.9540926327389,9,99.86706701472063,1
1.1809091556421523,1695.7364754467687,0,87.48143348034044,1
2.3013213230530574,1810.0439344562212,1,94.37421463132515,1
2.554709158757928,771.5006206751644,5,79.80823073010026,1
2.0853961270955836,550.054062051516,9,79.17231872341873,1
4.314950036607717,1582.9984789633374,4,82.08111162983681,1
2.427013306774357,622.1314675414586,8,90.17521788020947,1
2.123738038749523,1662.967205175989,4,90.46575067765296,0
3.170784332632994,905.1026819326494,1,79.45718303948352,1
1.5636968998990506,1368.344808653794,9,73.99629772409887,1
4.208787923016159,281.51709628586957,3,88.97188769396526,0
1.2982025747190833,1285.3327168854887,8,73.84977586566293,1
4.947547746402069,958.3585896007353,0,87.35477524687991,0
4.08897907718663,1214.5560800334008,10,90.80266384168927,1
1.7948627261366896,419.2269947152405,0,91.01834489183355,1
1.0220884684944096,1500.060115393946,6,92.6041633197879,1
4.261845713819337,1739.3144473321343,10,96.18578264696994,1
3.8274293753904685,511.8056201724737,2,84.99876975894365,1
3.9160286721639492,281.8576554883073,9,91.90747568588714,1
4.0850813867437825,144.91331348803914,1,88.5751820609751,1
1.2961786069363614,1319.7458508422055,8,75.59919819393048,1
2.4338629141770904,1253.4786685686834,2,70.77068934608225,1
1.4634762381005189,1138.7250841567331,1,78.53624157030801,1
4.4524137035023745,540.6994826203534,7,83.29101119012859,0
3.4931925073102317,842.7213922204779,9,88.5131783328597,1
2.3235920994105967,1229.5050368537288,5,95.49877991509616,1
1.2542334011440945,1043.8570318324219,5,75.88737150118497,1
2.243929286862649,1976.7924884082859,9,73.76649369695431,0
2.300733288106988,359.2355298577929,10,98.90439842422983,1
3.9184247133522563,1420.7746526904282,6,73.24133678129222,0
3.5502298854208525,868.205659398155,6,84.35473210321567,1
4.548850970305306,913.5792683586681,10,87.56691186379905,0
2.888859700647797,1463.435754750535,5,86.24123262722316,1
1.4783769837532068,1415.6286875163023,3,72.5809647109883,1
3.85297914889198,1983.3863880341578,10,71.71080742010858,0
4.04314019446759,343.94914996283796,8,73.16450282383107,1
3.245108790277985,297.808333829916,5,87.56763051617838,0
4.083868719818244,1476.2437525446082,3,86.33034662902963,1
2.975182385457563,1198.9351423121773,2,77.01222376110233,0
3.0909313175279762,620.9052664636312,3,89.13322425536775,1
2.7101640734341985,250.89680107907455,2,94.60202506166948,1
1.1016765069763808,262.750674233218,1,71.24736879539782,1
1.4315657079732178,1798.9626618618247,4,84.94389830644127,1
1.125716742746937,464.54791696561153,1,90.67931236308071,1
3.5456416450551216,714.4059680194895,5,77.56935781209062,1
2.2574239243053067,530.6471642312772,2,79.23312715879447,1
3.034282764658811,774.4929810806809,5,88.40913708968151,1
4.6302658957043725,231.9053012175774,10,96.9380588033121,1
1.9971689165954998,1086.2136027257138,9,94.29773260908698,1
2.641531692142519,228.46387082520832,8,87.4939065729875,1
4.022204554172195,1620.677364862487,0,91.90665153271748,0
1.9151926619664899,544.0529556298227,5,80.94467410623396,1
1.307919639315172,1126.02263774857,8,89.22896584296274,1
2.159005811655072,1772.1502663667707,10,83.9854477338267,1
1.6448851490160177,1336.667001189669,3,75.69808409372683,0
4.718790609370292,1112.619794447537,10,91.05214821631772,0
4.232481518257668,716.2341309192136,1,86.69393912046466,1
3.533615026041694,732.7036348105761,3,80.75864745860774,1
4.485842360750871,1372.0252148765612,0,97.34017570235892,0
4.214688307596457,1988.8647863202184,2,70.628023534802,0
1.7462802355441434,1357.4944607138193,9,79.47319453748489,1
4.570235993959911,1159.7884930030473,8,71.7064419333294,0
3.157368967662603,1488.2359694545676,9,92.99581948664881,1
4.229760620656251,983.8906633390645,4,91.06322362341378,1
4.584365199693973,214.2704509414919,10,79.94056656208951,1
2.2720138998874555,1168.3639501680286,5,90.26988706621219,0
1.440207698110707,1919.4880405602223,2,81.87811678587849,1
1.9117406501677667,433.07559047955334,4,92.68761374267302,1
2.7084311545050253,1411.0092925592648,10,83.62550988210118,0
4.272059063689973,481.7740084522073,7,82.36839183494996,1
4.442922333025374,1118.0726004988544,5,98.04189746464903,0
1.0278085221247628,283.6852543287673,3,77.52637299672101,1
3.042989210310263,955.7047788905518,1,73.61342019989696,0
2.669644012595116,1536.7103249009676,8,87.53629339778374,0
1.888431241882921,760.3858960540659,0,99.07965436852537,1
1.4794614693347312,1363.3322765257142,0,81.3351764118156,1
2.350460685614512,1611.3549255004855,3,71.86110290886344,0
4.771638815650077,1861.63785701096,6,80.17915801928703,1
2.292811728083021,545.8199555253617,0,85.17794962958675,1
3.0751624869734644,858.7002400376855,8,74.85769019896641,0
3.8120758355807114,389.5904253277931,3,89.74306654169476,1
2.454518409517176,1985.718654100913,2,99.93248167030602,0
4.887128330883843,1861.301839056161,0,83.55218427944331,0
4.849789179768445,1125.9185475330632,9,80.64185670190638,1
2.0071291833014566,1699.8632593152004,3,82.021125005034,1
2.988994023569542,1089.8201568168802,8,73.45438535185603,0
2.2035132392670786,1284.8128072052434,9,96.49820804278671,0
2.1393619775098704,269.33642102043154,5,82.44476966564056,0
1.1475477894181312,1535.0137989439352,5,81.61823234274524,1
3.4382573359195874,342.6556189069462,0,89.79070818791423,0
3.010716092915446,1669.528497479804,9,83.2610026279337,0
1.2059150049999574,1585.8533665737332,1,89.44700406423539,1
2.1145858569464457,1446.6149257116551,10,71.84338870392362,1
4.633063543866615,168.704722997048,5,94.41170031166682,1
1.9582475626678897,675.9438762961244,1,98.21511858638208,1
1.5795794883648924,599.9138828306014,2,89.46296158478158,1
2.957811041110252,784.2591741958863,3,98.63697786576432,1
4.942601816442403,266.52121885129327,10,74.5429694310989,1
1.9682210860460017,1880.2198637590193,4,84.32248568441061,0
3.688542189623514,1152.224257353515,8,88.05420201836341,1
4.04647846131487,680.4961902502447,3,87.4520994226356,1
1.9505501759695987,854.2648824411385,10,82.0438533726713,1
3.9128653944474383,949.6848269591877,8,80.14253228098784,1
2.471132530877013,1241.129233385173,10,73.80472067651256,0
3.529223322374318,1079.7909126233458,9,81.75227351686834,1
3.534118843043579,1846.844749107393,2,74.87982445316456,0
3.143098736299034,1044.2306175210774,7,92.03097029476655,1
1.3611590802176332,1985.100228164294,0,76.2649280648377,0
4.341209982356952,1717.707419715682,10,71.75695915853602,1
2.2831202598869433,496.16997727893806,8,86.57098413451703,1
1.746074041599417,1868.1309078234408,8,87.85689198158205,0
1.1631005662190557,321.0961559824046,9,96.15739183841517,1
3.3635717727529673,1653.154446133264,1,87.30944837253045,0
3.7102574473691297,823.1842576055021,3,80.36442561170337,0
1.0663513157114246,1768.151208845632,7,94.09035644578961,1
3.048372233197124,1749.3077112041556,6,86.20836679562262,1
1.9059831007917518,1631.2582602234802,0,72.37840853893576,0
3.5806911616377994,1601.0578289834166,4,86.97551680939739,0
1.6974657160199658,678.8903642862775,6,97.24055636264987,1
3.763750952409864,253.74663779737915,3,81.88937876494661,1
2.5469413852021496,865.6623396538067,0,78.889774056994,0
4.746919954946938,429.69657847436645,8,74.3040837105406,1
1.550083776583973,1420.4070689146772,4,74.54336565806072,0
2.364265404201034,757.5894804217925,10,82.98314453025456,0
1.4538940849623563,1953.6593816338384,1,87.87039472484588,1
4.698774473114251,1317.8469469561308,7,72.41846215508805,1
4.509357413523924,1662.7130709052858,10,98.18705767075497,1
2.0317665108606224,351.796878209512,1,92.65400852335588,1
3.639936184136716,1737.8275163179828,2,87.59871754850988,0
4.268888800804863,1853.2386619754493,9,94.85316012816972,1
3.2208032463978493,1025.4176457559784,0,72.4056027043634,1
3.118602313424026,1251.8805817268571,10,84.30516633199373,1
1.9674091636018067,1553.1386217156914,1,88.90279380584991,0
1.3724110712235968,432.19339179478385,6,94.85958718354868,1
4.5888630318133075,1054.8755452805406,9,93.50408680147802,1
4.601672228653322,857.4597527673949,1,78.312077491402,1
3.5324058290930718,378.1105851082733,5,98.22640508677613,0
2.3561191641948027,798.3154023539097,2,73.73037524292612,0
2.3968382984506436,229.52738783243777,3,96.25400855863457,1
3.9038227154809575,149.04262320402526,10,99.12820748813856,1
4.588441039810308,356.8159493941632,7,75.31460569667877,1
4.548345697060469,1929.9187120194304,2,91.66198192611355,1
4.1195021834304955,1144.1061182005321,9,71.20856556333996,0
3.568126584617151,1935.062106191118,5,82.16268475417465,0
1.3365598599801953,921.7459688272507,0,85.48849897593021,1
1.646514856378455,692.4506528619931,6,87.41935677728902,1
4.5942167541083165,1061.6695393964637,7,98.07811744745678,1
3.4257162386383597,935.0722084025292,10,90.16752061882585,1
1.0367882064665186,300.76290009731343,7,84.4383385365771,1
1.4058861714641284,1317.5699979113917,2,94.29025108797669,1
3.6540070764322232,510.4725467682392,9,98.51598462863227,1
1.0202463353848747,1277.2171143058763,0,70.66198446046873,1
1.6432322056699946,1335.3820755564914,8,99.47563816768115,1
3.1949351574663445,388.8472209444314,5,72.58396417191041,1
3.767580790770773,216.5642915102695,10,94.43160337806285,1
3.607845038010402,1583.4470135300357,8,78.41004257654238,0
1.8970772378422391,973.6208051617083,6,73.96538973261616,1
3.8487168853901434,210.511211460404,0,83.19566919141505,0
1.9489963499872003,1990.2460026225576,0,89.3186973834284,1
2.301598792637071,209.7830658930966,5,81.42855535070424,1
3.9859656204720966,1420.566934831251,4,71.63696224848097,0
3.5985315961888587,1968.9899580004858,8,87.9838341897615,0
4.396893641976712,554.4421980102586,1,97.07209828332024,1
3.6304515692013735,370.27380050567274,7,81.49646097841755,1
3.2732344133418865,330.6313849026149,10,76.48998332892481,1
1.37469907131237,676.2227803784316,4,83.27732037798447,1
2.470863212237734,291.9870409202287,1,71.45088133146342,1
2.060809470726902,1415.1065492188507,9,94.61462753440824,1
1.9759585735163343,218.35441644711912,10,94.7902243285056,1
4.892042219009783,1067.9020434846004,10,87.64001390288885,0
2.5723908986670416,1993.7240223206559,5,80.59308666815168,1
4.568186220708453,1646.5435120614356,9,93.9935009333735,1
3.5245545039890516,1268.9169326389206,7,86.64061074365102,0
4.179245214166594,681.8818794945622,3,94.77796925650048,1
3.0105483724207684,1285.4020889541132,1,88.94376377749062,1
3.3076155385054364,1101.378781432138,10,93.53216419638392,1
2.9700707752754556,909.5584293917058,4,87.9568897965328,0
1.780971951192178,348.349715806379,1,82.42423204646998,1
3.8898084610460213,1784.5480089568869,1,98.73837579778413,0
2.123089449763423,954.5908327605127,5,86.23341474636534,1
1.0972638657258154,469.7827724594536,10,88.15268555621616,1
3.5818891836286713,798.7427666668502,9,76.61462918244248,1
1.7084427176281958,886.8465298049614,8,88.76952368281829,1
4.761834337411657,1672.3220015770612,3,87.14822948448831,1
4.8157143080103495,1493.8673230666639,5,75.54515193841075,0
4.659457560881794,1561.6792979185457,6,71.78761292059431,0
2.4806348010217776,120.9594024144297,10,88.13077959144313,1
1.0618264661154697,890.6925965415469,5,92.91076808050961,1
4.713274250350901,1014.5538881071149,7,85.70204112766025,1
2.7127365932692573,136.46532596380771,3,76.80317875958937,1
4.866619276174678,593.6450966155651,0,89.99565930079105,1
4.854479908357011,1544.5506639320565,6,72.40317179828807,0
4.41203782186944,360.5084408850982,2,83.25501114405864,1
2.1777955682783428,1117.089249759924,5,74.9010027519526,0
2.540390914407701,508.88355683275125,1,75.5337715317965,1
4.404546686067428,123.02947182339722,8,76.06881847474611,1
2.2676880206251107,558.2827694391287,0,81.60121171131934,1
1.67797098674437,1954.1601343291022,5,71.53450616861193,0
3.2272050498334006,1622.9205125776803,5,81.93380322787294,0
4.744619096643124,1923.1956242099634,4,85.35122341344102,0
3.784119186699892,1026.9226834600886,4,84.49882854898976,1
3.28024468035746,308.4987774872567,0,81.48352301209121,0
1.3887059750830741,1141.1230290500166,9,95.17439824212258,1
3.460028906796679,963.3169356639256,4,74.35980077261513,1
4.960215400417053,1704.2784572052703,1,85.17090231344122,0
1.5603360609460961,286.3569034900647,6,71.86124250869663,1
3.073318609454947,1027.6581603413786,2,72.13467036633729,0
4.509492287711822,385.0924629185701,3,87.21597549031289,1
3.9630744710168178,716.8842610911139,2,86.98055274663463,0
3.788062963981072,1500.9784470368193,2,96.34100538533372,1
3.809936335948437,1004.4344458006564,3,86.7362102698022,1
2.4379646048790207,814.1877417769617,4,98.79373061214551,1
2.1743673770579734,849.5049292830671,0,71.4608454519979,0
4.2374446219140545,972.9488599713746,3,72.94023054342223,0
4.240453578716723,1591.5314332904081,10,71.32197584711145,0
4.468289274320415,1794.9609089864455,7,75.5583055100062,0
4.652962210225885,1915.1359043574637,9,86.23810332825035,0
3.045369595443751,1595.1164338850606,6,89.36716544282284,1
3.0060651787487984,699.2731019212242,8,71.36755473846006,1
4.193180715867101,1407.45594156443,4,98.37912669536797,1
3.5998557231110606,931.4459357052447,9,95.26496129951143,1
3.8078675090308134,583.8741818874972,3,78.89837446471279,0
4.183170677744404,1697.656000909253,7,72.31562590679404,1
4.560021367270265,173.0100630284175,8,75.09661219657171,0
2.351980627406143,1813.3477850573047,6,73.80833241264918,1
2.502331810559776,976.8071827869949,6,73.6985133789684,1
1.375927759363476,1310.6828059357329,4,85.55685065997201,1
3.313120563984696,1352.7724521909872,3,77.375423274802,1
1.1437690951869683,1800.7237073424192,9,80.74419149587433,1
2.8623920725298406,1309.672396117694,0,99.68516000152968,1
3.1705785388303065,1266.4738110441174,9,90.52942746776034,1
2.1461650085131376,226.6388770653109,9,98.46942001141004,1
3.363333042276043,1084.9752416958877,6,74.27669665099347,0
1.1220009997561977,385.32110155237916,0,81.46418424497708,1
1.1493927549968577,1501.1241605708226,0,86.64195409847062,1
4.290402242638633,1073.2216495440816,4,72.30274185666214,1
2.4407625656450516,1392.4327804958714,8,70.12562330883874,0
1.5082420506075391,179.1785111445301,5,90.11303001390752,1
3.0889730402192175,261.1048304870261,2,89.25458550404306,1
4.079974212394443,1461.0144373190963,2,82.32366429998835,0
1.8632841099873727,236.9602383974794,6,84.68932228096098,1
3.491561903276001,235.38778275399133,5,82.46329001776269,0
1.341389859975072,123.00610294628615,8,70.72015134534666,1
1.2067268846744308,1917.3526567690121,5,80.06114818652387,1
3.125418526272592,1501.265882972113,4,75.31246766191869,0
3.162540486440426,771.1776761539219,9,72.95272567304106,1
3.549719605992826,663.4176044465449,6,98.7016130166805,0
3.904365334890646,764.4361365171142,0,87.98079175126497,1
4.903408317850138,1571.8417092442455,6,91.85968852709809,0
3.0652013932047812,1356.6041610337872,2,79.46091229798353,1
2.291825891764984,451.8715789481891,8,81.79441388482046,1
4.180744779074814,430.80773713476026,5,77.1077198169017,0
2.083329005048297,286.9517344554549,8,72.90897012896274,1
2.7558856828225444,1354.5751674325425,4,75.37094912324751,0
1.3138255253690638,1552.3080582212983,6,93.92542135889457,0
1.10140297366183,603.5882138175077,3,90.32637415551328,1
4.8505936587117,139.79542595873434,6,86.4078662795643,1
4.343920482048823,256.12616820521197,0,84.25269618600305,1
3.783896824374792,1938.9340662055579,6,97.67302850968373,0
2.6358117776570795,661.3450772070985,7,72.18204843336005,1
1.693177280283383,1561.523980892454,4,78.41802439713749,0
1.6257481706843442,1286.860780823101,1,80.49813560712143,1
2.0009715926583813,825.6853153405023,4,93.47277436638363,1
3.196906658824482,490.8057981715547,5,99.77543860485915,1
3.8583836908002493,330.6341945028722,1,77.22011544271459,1
3.640789506870925,1268.5246392738466,5,96.22922002411242,1
2.1197355877837714,1571.8041832117972,5,94.91868281295373,1
4.819461122652776,1323.4180817281483,0,76.739721929253,1
3.951587666783074,1107.574053173401,0,81.97997740597668,0
3.2174162100456027,179.7073245201089,10,82.29018607877558,0
3.446882984937409,1940.1286774293292,9,99.34662005579675,1
2.6784002497111596,1617.5569641436916,2,75.42675704136695,1
1.9909239580046298,656.361869731833,9,93.97473913314346,1
2.4238907146050463,1961.9436257818163,9,80.0257814251933,0
4.031384441857476,1243.575020309012,2,91.92611037328481,0
1.0575739545190235,1206.6030505937683,3,82.60033012886989,1
1.464290562027665,1521.3390409161111,1,87.3507928934962,1
1.184010568087011,1642.3625973712612,8,94.97835319978392,1
1.1629152092758805,1347.309353929855,9,94.12496694951652,1
4.421842336044029,343.38191809578007,10,95.99269550619101,1
3.8146314375200947,742.7082613895469,6,71.78851976033977,0
2.8966953163493008,1863.3589166194945,6,90.76151659119235,1
1.391336642604006,526.7696625033186,5,74.19962130165288,1
2.9664635004673294,807.1173452912753,2,82.47455704055233,0
2.8938870831222627,920.9460775939724,5,86.45765245164066,0
1.6928074796400607,934.8694804194591,7,82.08218454240492,1
2.735406596951892,1264.5852067395986,7,85.58835027409023,0
2.5940189375894938,1891.8440917149444,10,99.89578926395858,1
3.463400392208866,557.3161524817594,8,74.05651941138564,0
3.540374603470575,330.8526149717443,0,90.26368136009276,1
1.181216039088178,475.1939307338809,0,81.88002899156845,1
2.498450458505885,1785.157310397612,2,73.99029396721987,0
3.5034396628569455,1327.0405440448915,2,74.76210290122928,1
3.012545034320351,643.2228995544042,9,98.4781931873685,0
4.4259593647532895,1650.299184040373,7,96.38804490135286,0
3.63477452647578,1736.6029930905283,9,97.21125881245065,0
1.6517377083257188,1708.3772435115284,0,99.7459832748216,1
1.2822749896017194,1845.9604139151534,1,76.24946170025554,0
3.5696771128252625,579.257938329387,1,80.66318012092185,0
1.1060452421664873,1534.5796646179288,2,90.076570897746,1
3.343102325093853,975.025044820866,5,84.51407619581941,0
4.76092096569983,1699.797250491117,0,82.55168600135,1
3.301896711503516,1484.132286607065,1,80.7343374800678,1
2.5526797048260876,1575.2501483494768,0,87.81341895830357,1
3.5731528737694127,1346.707491594036,4,87.26780285920246,1
2.8330115619660665,437.1146619924431,6,74.8437350219272,1
3.1824671572637397,1135.551145904183,7,84.15219512555318,1
4.765859235106101,1970.8725050965656,9,86.6041532862955,0
2.544410551203097,1881.037326344526,0,87.10860816194172,1
4.844762255295657,182.03009801432216,6,76.30321578737056,1
4.621402567824255,413.14814988593054,4,92.26814176756861,1
1.7831645391571858,350.28466956366765,9,70.75597284463208,1
1.2774452035006618,1479.3618289720614,0,80.64495566629488,0
1.4031120055097066,1653.7921267281956,2,93.406379456069,1
1.072887302606199,505.6715959902766,6,86.91678763166207,1
1.3777718430237136,1061.1201166084752,9,77.83487297532581,1
3.7320270936654274,1697.33575322128,0,90.84859358029144,0
1.284754593840916,1492.322935055876,6,87.0217283246822,1
2.275902521175045,1130.2506904345119,4,93.88730828369162,1
4.379501243877819,1221.6606118716684,0,92.0507555856947,1
1.0930877429433035,1065.885039140932,0,88.30323766108704,1
4.257873930355743,665.342057505759,0,84.64533025932442,1
2.1274190990935997,1173.5417864321307,10,73.99546377002571,0
1.472659310486625,1408.8820738951722,8,77.83999053656152,1
3.7869486614566026,1759.3135401355346,10,82.57298418751256,1
3.515771387119536,1308.9535725605713,2,87.97897861019166,0
4.509888054108211,1546.130920382,4,85.41123565645914,1
3.940284175215543,404.1361064136887,10,78.64553577878588,0
4.213923721539395,976.9592013976009,9,70.19393073369132,0
2.128138290285226,117.73007767147726,8,84.88717665702441,1
1.7097581751188913,568.6898425910838,5,78.56877965686729,0
4.002459006563433,1480.2772587147092,8,92.03824902131605,1
4.2273389570690565,1984.4389075637905,7,70.7183879581145,1
4.962020568002693,288.43838921571023,7,87.54483433917372,1
2.650470707645706,862.8392001364476,0,98.24422712518196,1
2.4880723431711327,1620.134840528403,8,75.23227801334498,0
4.105651842967987,487.6677057949078,5,84.14948472251785,0
2.3632141610120714,1154.6614036743438,8,72.74265975451415,0
4.723029302414259,1492.8354624563822,2,88.77045736784058,0
4.433651007372047,1270.3723554943401,2,86.51595041788677,1
2.7159761095000734,457.24699576929066,5,82.22096572638497,1
4.0034842711659895,775.2306805029049,8,85.64131064421224,1
4.018171496338729,1589.2043905222547,6,96.89723975407031,1
1.4124954753437304,1153.0303768508315,2,75.88882906933202,1
4.610211626718266,109.9362657315342,2,70.67693535116042,1
3.0210094897914286,1545.8824440533783,1,95.84994654097304,1
4.305829864430967,167.09157438645423,8,87.3135124716372,0
2.280198404122447,1516.894187189341,2,96.71975366385527,0
4.582092913984802,484.71306431395107,10,87.90835670239518,1
2.5568067149366525,1920.3396122268223,4,94.30483269879107,1
1.0433506059211934,799.0874274739605,8,82.89020090065443,1
4.621527905677055,721.1700710423503,7,92.49579793864807,0
1.3651467071445342,382.88729563164486,1,97.39124400669567,1
2.2772545503616595,680.6480094314082,2,87.16368891166618,1
4.80024786820322,1765.636447473581,1,75.42355451687139,1
4.802428587750224,1993.03524149177,7,78.06392845090595,0
3.2937515524931444,799.7881079630118,5,75.95933730692218,1
3.527348848679197,952.3601988136309,5,77.40571082787199,0
2.793782087913279,1471.9347825852003,8,79.19246348053109,1
2.172843086792258,1783.7719828836416,7,86.65401360259565,1
2.314658181479664,1226.7842349548898,3,87.63974888391499,1
3.6900738243081537,843.8988265378757,3,82.79499241725583,0
4.00949811775072,883.9814976123852,8,88.46262339462507,0
4.166316174903394,1421.674478343933,0,72.44724776834097,1
4.158472571178216,106.1147008481295,1,72.63364711174479,0
1.3648244121947615,1277.2197411736972,1,75.15488381072976,1
2.977681218810326,775.436719838579,5,85.54232494121034,1
1.2302350400665771,1608.97492942646,3,76.41984036094941,1
3.198115529294942,276.68221566395107,10,78.49853210477733,1
2.766122005493508,1217.584307201942,9,82.00938508518982,1
4.5508167310331995,1013.8484907836352,2,94.3559837203114,0
2.4036600502083147,1320.418499219932,2,70.4158640773858,1
1.4682680657104235,223.22182951763986,2,89.48136460709867,1
1.5719667282113434,1201.9691961134495,5,90.06629593122057,1
4.046042526869889,1166.8207171230952,7,93.9596734106991,0
3.4728722532650442,1165.2541793907249,10,97.9825881718094,1
1.404490704491161,1246.6265665332642,6,70.60413546847869,0
1.3364272244599897,1385.2890807300882,3,74.61351116539649,1
3.80387652583648,1629.4790993934625,10,96.58513882167979,1
1.291052025456774,612.6593682436072,3,83.75555686561046,1
4.287440237161425,1667.5938793421178,10,86.93771916800391,1
3.824968908625985,1046.6857963005618,9,89.89081611169442,1
1.325395122567599,246.41073035522922,10,90.37199813486912,1
1.3393508563407677,211.24676556356047,10,97.95221209949524,1
4.946558314004702,735.0528055225155,10,99.90848252235008,0
2.4970831830244813,1591.3042565117883,1,91.60472382792821,1
2.4825685882675637,1444.59377600774,0,78.61663627615452,1
4.25119826903001,1598.3684328775723,8,96.3925720688303,1
4.788994309535434,1082.8112072390577,1,71.47662743622284,0
4.944004255291484,936.3780961154321,7,76.93242558623488,1
4.0135127410357665,380.1598007419395,8,96.92157152391144,1
2.505038342123663,723.566231857692,3,77.68574543318064,1
1.334002866794675,924.636795730363,7,76.61953178865245,1
4.108587663709747,268.3408163912727,8,74.14375879420741,1
3.23361699894322,519.1627101513013,9,95.77335272940749,1
2.696888036987905,1236.6280587211038,9,85.0017477757326,0
4.625417540378944,1497.7599170544606,4,90.24679609162465,1
1.4447899292246054,1996.8602716466044,6,77.17199152225089,1
2.9705004171634366,1872.9153295527597,9,92.74121263033649,1
1.0454145790696763,1320.873879116864,3,92.80016634886296,1
2.874642567976505,900.3713012587368,0,79.377940747249,1
1.2252131027273494,1308.7369929456422,2,82.32047899030849,1
1.4752716650722877,1592.7380743524407,4,76.29070832290603,1
1.4701049871084195,324.83876275443595,2,99.29683069968712,1
3.5968412084642543,878.8192904229477,10,89.36807731175234,1
3.984179517061693,1695.6243427076727,6,98.03631642146547,1
3.3334750603886385,829.2826086727836,8,79.101566308874,0
4.848690193898168,1186.5573153316543,5,93.45672738990669,1
2.4994823180948162,1216.7617856381767,9,92.97575931654225,1
2.142848345127443,450.5048809539148,0,90.74966955599625,1
4.474396512757841,788.2473391393479,6,98.96916925800402,1
1.8943833540778106,735.571448609671,2,81.80666008318947,1
4.852890157762445,149.7737462109231,4,73.92151970769272,1
1.0486178987592654,145.96435139357496,9,90.15126577732183,1
4.879515306830556,1680.2243829839697,3,91.87929401431619,1
1.1726396478023045,618.8345389483436,9,87.25181720376443,1
4.564572454792284,1084.3496558537495,4,76.20453679400188,0
3.1108044363451994,667.5785898186688,4,85.13367825008066,1
4.971859184477202,1887.290565719147,5,79.36569209707389,0
1.2951862589415954,592.6638418449702,9,82.82399584500067,1
3.215417137605283,916.3479442039767,9,89.35655727533992,1
4.877210142476396,1758.1874759207435,10,92.35644228072503,1
3.0923913766805953,1699.6737769044364,5,76.96674072704029,0
3.51759455254105,453.5926939079269,7,82.1597608194086,1
3.7829947559384687,1625.0222886118497,7,78.07484712974887,0
2.818164259071093,970.555084801996,10,75.95894841585607,1
3.5102323203362538,1017.6408569621749,8,93.50161659987515,1
3.337257247692401,353.6119475902932,7,97.27758083310977,1
4.604632041963956,253.14287613853685,10,81.1069655705373,0
1.1817855213658315,1483.0846832501538,1,92.53836773121301,1
2.1238527583689213,1043.2761894750695,9,96.90985868093233,1
4.801645936306235,930.0163349688412,10,95.38372631590696,1
4.561055135563665,1486.0656344395538,0,75.48440165617677,1
2.8226270111428517,1554.4745080831085,9,98.68875644540084,1
3.480530391206147,401.92551857177176,1,81.30029321288387,0
2.1095247319245307,1259.4277840075185,1,80.17721983521508,0
1.7524846388950452,357.1727563276025,2,71.8729398183334,1
2.8547936197599286,1527.6126634551867,9,84.58520962314648,0
2.4134089121042113,1348.2147969075652,6,73.27040846922786,1
3.3346244474034883,1917.5677800585702,1,77.45619462782278,1
1.3109385478599394,231.02023107720024,0,79.50827865301844,1
4.897579230664666,208.4039701873832,5,94.26478970475051,1
4.9448429779184115,636.1554419170802,8,96.2646595118769,0
3.7926468560789806,597.2407990982213,2,79.07398952384409,1
3.1443854653764816,569.2597182367997,5,95.76094363733722,1
2.238110465145311,1821.8837029899696,2,95.71692812109373,1
4.255180078827795,574.1377797140616,0,92.9395285115462,1
3.738924690215517,616.7044796443989,4,74.40085342045545,1
1.6504677573795652,1542.856698594131,9,90.70968540702187,0
4.64370873797537,954.505700656026,10,98.35072193741706,0
4.290148971692676,1575.7500582148443,3,90.47621436301472,0
4.799199653167696,224.19569937233194,6,79.94850547323502,1
3.90287803355344,1026.3852679794302,5,85.01737952292494,1
3.4536607837431594,163.865840348237,9,89.37175130053161,1
2.6729721451624755,219.0410865651736,6,85.3171122618551,1
4.730913933416053,1822.231161354381,4,73.5985882519291,0
4.464255558001634,364.5662051234308,3,79.36192133956062,0
1.1808746804247576,1111.5992963229126,6,94.07188091660898,1
1.105467897989008,881.0816449413425,6,95.84254138286552,1
2.5058534675121984,759.952319891801,5,74.11900098146711,1
4.242213323127332,1809.6833568058178,7,98.57160257196173,1
4.949104517259778,141.46445387343005,3,79.86467853545828,1
1.6016675644141127,1361.2004037336192,9,89.8694121619216,0
3.3765228614085405,1930.4494250057458,4,92.55475437870044,0
2.523563426524086,1164.3195485774997,3,94.3583870391365,0
4.879657591258413,1879.9626778628744,0,98.37249106677791,0
4.368475692542835,199.28997064344514,7,79.38758644086468,1
4.353314818844551,895.7073062409066,0,95.75519363654664,1
2.874772639179881,594.2998028278972,4,73.95060710308621,0
2.6592780093506607,1488.5598334633867,5,91.15122719060778,0
2.093628287722825,1964.4644719447688,5,92.25933188541958,1
1.2255019866037085,587.4071186440708,4,90.33169723603962,1
4.458889505020213,1342.9317428007414,2,77.56944208405459,0
4.251604036520311,476.38550224350627,4,96.1912944104561,1
4.998870693144522,1174.127483686059,7,75.06575390111185,0
4.9865473482956215,981.4717247078388,1,71.60904374562493,0
3.22172682241051,1946.8101262999205,5,91.52394971835736,0
4.075949660722042,1256.2018181232866,8,84.26427145698202,1
4.7790629195297125,764.0621069649557,7,95.47294059876029,1
4.398589562709645,316.7819912870734,10,81.50191423174778,1
1.9893924069727906,387.36897459637566,7,75.04835765523138,1
2.802176541240374,528.1021669073466,7,95.0932657740961,1
1.51663766060598,576.8366565465662,6,86.46728894920216,1
4.8162041090348895,1716.1705098981618,7,75.67587377171064,1
3.42469853780352,1166.3232977367973,5,91.61151995759337,0
1.9145712220138509,1094.4427316112963,1,85.33340915468501,1
3.686802737623427,318.0608565515132,1,88.12938946720959,1
3.4725129618315833,1734.2654173639264,7,83.82695014619746,1
2.432650872131362,1473.347176096119,10,94.8612695145402,1
1.454230368798516,228.569887610003,0,94.88688147049149,1
3.6862927823711984,1444.8866847365605,5,91.28166465473159,1
3.081230803615173,1132.7226129510275,5,73.16204132189387,1
4.089273566942557,255.2781569188787,10,95.16561585712206,0
3.0806540044479735,970.7712189044473,3,90.1303894159873,1
4.408726001274161,1020.9229455470893,10,90.91072498012899,1
3.207627355097942,414.97162631022394,10,80.88948521211614,1
3.243751886141545,1896.8264793005364,9,96.3783866847102,0
4.5066144106333805,1714.9532058132577,2,91.76114800704572,1
2.613931464849588,1371.142440925306,10,73.37771399587584,0
1.536060913802563,978.3615659011537,2,82.23334103218488,1
1.115130705253356,882.3545290105661,0,96.59141085880425,1
4.0205490226944764,1336.849587586813,2,71.41590105092136,0
3.4812382054138586,1136.3205518731204,3,98.84249858926148,1
3.8163190723968943,218.31890117558265,10,90.37487704958689,1
1.851856646035643,1073.7550326636301,10,88.9412793293013,1
1.545485902347079,1632.166872742395,4,78.11677769463974,1
1.0581786626715277,972.5557674342203,2,77.46375366217531,1
2.402350235226388,198.71749735311,5,98.26174658465786,1
3.3596707474185323,1593.928578829663,10,78.94817362702368,0
2.5689761803989293,482.59118605835135,4,93.26515890156998,1
2.7498996880949163,591.3795862872737,2,81.79365394621237,0
4.616634777974994,412.9420715213622,5,74.17762212354111,0
2.3930218680932014,727.4086232558453,5,70.32145893086077,1
3.055957956639243,1537.8278608084065,7,86.32772011045752,1
4.134612050964572,1086.833133057481,1,99.27336455646798,1
2.5861711292850806,489.2744208863539,0,81.07408581427613,1
3.488346800911494,1767.8771484888775,3,80.71577001979135,0
4.44945483498698,1771.2055244079054,6,80.32274853548326,0
4.7980824946305685,1754.099007587413,10,85.61631511914575,0
1.5882939237161517,553.7128016249246,9,83.2199465027288,1
4.706350500645978,957.3547539438774,2,96.39743880181044,1
2.9684651723181528,1971.4803466676626,2,85.16562375170471,1
2.0329775531958334,1566.8237049889817,4,85.23273514565706,0
2.8365430249530452,151.61810032856366,4,74.1511478416167,1
4.920130301141908,223.8887233949349,9,99.48218622731159,1
2.9704723759714784,981.4696159434322,2,77.49918672606489,0
2.315006441150033,1827.5183911369643,8,72.20092202378808,1
3.533603417266903,1123.533416110157,3,89.89438746925626,0
1.9605824751127723,1045.8437652651514,2,87.86099110470619,1
1.3034533124346557,300.4000299175981,10,82.45436961978237,1
1.515518887642597,1347.8821989761586,1,82.66576701642035,0
1.5121833558310898,1661.9960051404285,9,93.55191763139294,1
1.6076107740491774,822.7980142643685,10,75.87137920298947,1
1.5553086905976405,1573.6625167581221,8,94.6075995683467,1
3.5634989792128584,1932.505642411542,3,89.46241341685055,1
1.7275203375965793,487.15627234260927,2,82.56909321338573,1
2.382669133295453,1094.3262992700083,6,83.74085849751606,1
4.587153639624047,645.5621203606935,7,77.69941621558287,1
2.8958465610514894,1606.4233961642947,10,92.56342998090925,1
3.6702309540841087,1197.4273951741993,1,85.38624226915803,0
1.6892794848065193,1305.7065933455772,6,79.62563628249531,0
1.769156075234683,1616.0369032701988,4,87.88150347282851,1
1.1634744650659155,852.3438980586643,10,99.8720335615397,1
1.6757402522886582,1838.671129973382,4,83.05786838969661,1
2.1143613561278345,1112.754847767666,2,97.62074202335859,1
1.7080419371069873,400.1141633871612,4,80.35050519773698,1
1.3548101350282225,1422.2083245207248,1,71.64198120774958,0
1.4825434844024032,1607.1965658326833,3,76.12726319105286,1
2.843115072130903,701.8471864283007,5,82.56085429983052,1
1.82533487362317,1728.6405882976305,0,76.58904785783707,1
2.457079444192302,1821.6721840549562,9,70.00681114654766,0
3.0136690834194275,626.118526017837,3,97.45004613242583,1
3.761579314517461,1968.690798158922,5,95.31638233692787,0
1.1572485593643957,367.351903292641,8,92.26876694460842,1
4.197641595636171,483.82976996473093,10,75.03443786938087,1
3.511601557963631,450.0271945522496,10,73.61090728629958,1
1.3270361277954876,1798.5804490149537,1,72.0281424841715,0
4.4943144964271085,1343.1558494174276,10,91.72087566318764,1
4.683489602127253,388.99813812231844,6,97.86423882063656,1
1.244311839419455,936.6144948998631,5,82.91607462739111,1
2.107510592588815,1269.0662476326238,1,73.57422015988145,0
4.224805119172245,258.5817614798283,7,85.3717846219632,1
3.9930387615346334,1776.5910999739435,6,80.4649572237589,0
1.7380840774255093,1626.8467173389167,10,81.24474773049994,0
1.8373972933468412,1059.8928697956126,4,88.63991872467122,0
2.481888411165528,1937.540568992424,4,91.56154339786607,0
2.9380919407640853,893.7458606226894,6,73.31810796619483,1
3.473019086121184,1969.809606169346,8,71.0677069241943,0
2.4756545582790896,1369.0479977268915,10,99.82990908057144,1
2.8501388645325916,1305.8754191824887,8,76.98185046746656,0
3.989883752535026,415.3143010619915,8,71.61491574725378,1
1.1467328115623916,1775.6627407788235,5,75.6962598728776,1
2.009747777376083,912.2304070491688,9,71.16873539045393,0
3.8533983435382098,408.2434709867108,5,81.75432683851515,1
4.580827350748797,123.95428795394218,2,94.07205353353973,1
3.0467097684626645,1163.5357989129268,0,80.23733349273162,1
3.1284539410612626,1102.0592820330849,6,83.32550220635099,1
1.4286880453591042,1466.7718825014013,3,90.26760320702317,1
2.7896494672938186,1791.4903007338241,0,85.2668221020964,1
3.1304690658200927,250.8725108217561,7,95.84337058063973,1
1.9698820145389186,1489.8433316466885,5,95.9810702513727,1
2.076972923797524,456.0826937854062,5,70.29732086473462,1
2.5091366524184906,1730.5364009986115,1,93.34138919449597,0
1.0802847911109055,1656.2206763371466,0,83.82200800725022,0
2.288316662332713,1127.5081344725343,1,99.6652162391099,1
1.8457920279861786,1449.461317384292,3,84.49696227626305,1
2.3099894087116586,697.2652150491219,1,99.60687836164892,1
1.4790485272770049,995.2190079723478,0,92.63708083617209,1
4.56210912295958,1661.1101056498962,6,77.45814653839919,0
3.3743698142161946,972.6038746291064,10,86.15184937860873,0
3.7164092765779584,779.8167041183394,10,99.76406918435748,1
4.156684954429354,1039.0036497755698,7,95.72591823255772,0
2.993768795716229,1673.6735796307148,5,72.92100681373664,1
1.3476811523496948,736.8952900046581,3,91.19115990429988,1
3.148426167274191,430.1470269579132,5,80.36738757612439,1
3.3473644720835165,1452.8266386284834,2,70.20946785641044,1
3.98175789673732,1669.3586041453555,7,82.10442907080999,0
2.7266381849187176,291.2112091947133,9,77.04263265174914,1
1.510321211182255,555.7608142362949,1,94.56607811561415,1
2.135103623194898,369.7467805458884,4,80.11991826537296,1
2.4523291855945404,761.0886820061166,0,94.82571081861451,1
3.583668965326405,955.6668599202841,5,70.01793816504386,1
3.2831132186756475,1522.7700402302823,1,79.23457450078358,1
2.424386903591385,1337.1804112751809,3,77.23495642923285,0
4.946060995171919,1279.7642782090193,5,77.00702083205833,1
3.4230992774275486,769.5123985583434,9,72.04559859296388,0
1.948907166943978,1698.750350861044,10,75.61372811231504,1
1.407129890481615,995.4456180565127,7,86.6664870965686,1
1.611436556737328,1960.2993822287935,7,78.74083218513233,0
1.9838309135380325,1304.8700627619,10,82.52184346987444,1
1.6427254930382227,339.9030089725552,5,81.30600641041565,1
1.746268096205223,1384.7373679433247,3,96.27714774999684,0
2.1403806747753884,717.6976293202281,7,97.15896997031547,1
1.6934943811790193,1404.021673703585,7,84.7887091496758,0
4.587061698505701,232.31818150857092,9,79.90467850946813,1
1.3209349826465688,432.27473063432285,0,73.2040211200709,1
3.0980455582810187,1725.900791920994,3,98.60208638146285,1
2.641587307958646,531.6411583446783,3,71.80680834700892,0
4.929514467634426,1690.3781379615862,6,78.92950832704841,1
1.4481556086722094,630.6245680633798,10,78.94198603510013,1
2.5914223961829665,1321.4756291115445,6,79.61203858420645,0
4.877881733101475,1418.886089668679,10,74.92860529817227,1
4.462028503575921,1074.0440309756004,7,93.49484292771092,1
4.268288283797119,680.0902857237894,10,73.67493585897968,0
2.0316113081797593,504.0243151050826,4,89.04719977459489,1
1.6835503495602633,163.0597736686098,6,73.71538080117452,1
3.674572879697724,677.4981623573752,7,72.11606912778869,1
4.717503956510344,1341.0093020094378,8,97.2828851105763,1
3.227051572055719,1882.7791550521172,2,75.70386298956117,0
3.2864507578795994,1755.2885162997989,2,94.63750463679114,1
2.1199163746411367,1555.523075417075,3,86.33892613321407,1
4.077971732767748,1598.0499521812676,4,72.33569558826309,1
1.7481749942300935,1363.471316604391,9,98.66344574314202,1
2.2947169456169747,594.5450293754056,0,77.40883500975677,1
2.701745754465667,1823.6705583410767,6,95.7893603605782,0
3.03044151473782,1374.3913926210846,8,75.06430017353692,1
1.969638929660321,1164.837198862836,7,95.61828646425559,1
1.4593472989568141,310.87999150561404,4,70.39686438715881,1
3.4424801697665304,949.4055332322083,3,85.35341369708442,1
2.154522212961023,974.68071528366,6,93.0832773826467,1
3.324952885690449,1742.6708580930729,4,98.0438655247835,0
1.6174508610968092,1138.631618356798,6,97.27606408619461,1
2.92456040741927,822.7610430437783,0,94.58874608642935,1
3.1303577302063434,1955.9206241702527,0,96.64574048983913,0
1.2072941472897076,310.3691273199998,9,75.9765905751123,1
2.3464171127756823,902.8420137926947,2,78.52552887135187,1
1.537658707755897,179.84688282567004,10,78.66905574763176,1
1.253499881891071,1505.8178294571676,1,81.31161793005097,1
4.959840929559781,1844.3454491783862,1,81.79962011155567,0
2.289415379898892,632.0709261459299,6,86.33665973964027,1
4.239497783418539,1730.8491859183296,9,74.79639290099324,1
2.0185626190550554,655.2146378776058,1,90.73739991357968,0
3.726010888895717,1830.4633071234389,10,75.0269961791352,1
4.040911439558746,1532.5276168338894,3,79.30925446313643,0
3.382554962431377,1629.3228759987335,1,85.10035391818462,1
2.8863047542006335,134.21245564086354,5,93.89321684570432,1
2.647363656589074,1929.3396784406493,7,92.18407699716181,0
2.395473066171981,1480.6748849336143,9,89.36603069231566,1
4.718116576991303,679.0270812336533,3,74.67319781740511,1
4.3224776311509165,1675.8498632318092,4,86.41136036846733,1
4.86010764266605,634.890276988367,3,72.62339505399656,0
1.497188893942179,1758.232295175643,2,81.32089530389952,1
3.923469900814577,313.9027417826803,4,82.40549590869878,1
4.753361827284151,1437.0033571755118,8,71.19434318337261,0
1.7249322646626406,1127.3271056253295,7,78.21964298409915,1
1.26598506946711,283.41549337133756,7,98.66948401799468,1
3.964482597160236,559.598273691794,7,98.60897823489069,1
3.2978924527196476,123.56766892689811,7,80.56981162757617,1
4.367315107033088,990.6591343825611,6,71.29300326844972,0
1.559089506505158,672.4039954440007,7,75.37284817984545,1
4.181069247439561,1236.8792201657418,10,81.76653380300621,1
1.8065092801909781,664.7518346463727,7,98.4333909390769,1
1.654623771462818,669.8463118632709,7,74.23597190611555,0
1.6570631917239718,1512.0670775900464,9,92.90547531004637,1
4.258298880925528,191.47138835887154,6,73.26047618124076,0
3.6607888827848005,1815.5004908647757,0,99.43772732173831,1
3.0922616990764773,1719.3013613432447,3,81.44849497327405,0
2.43532193649401,1368.8288981301723,3,93.25703616697169,1
4.508802163252433,1227.1209832040302,4,80.27773248433395,0
2.5697804296905415,1795.3747464653393,9,88.83006631476425,0
4.266397757886308,452.12734110455744,5,75.7604825422011,0
2.7565396342808737,250.04140816257436,3,74.38063057890888,1
2.5077777176996303,555.0693228281224,1,98.14192418704394,1
2.8507191426784257,1609.6987295303616,5,97.529418337133,0
2.2055114966565683,165.8735067803183,7,96.62406820638647,1
3.9904375207050045,1207.3329866586303,7,88.76300350499781,1
3.0108815603699166,1991.3312807634888,6,94.24804633648834,1
1.9288507805872692,1725.8225782913248,5,72.07110810734125,1
4.598298293098274,1090.74680918282,1,80.04367125672037,0
2.5355648854928456,220.91772764462047,6,79.41109374271468,1
3.1742114444559544,1679.6096773328486,10,89.0693596585784,1
4.625888443858187,1238.0591655367,4,80.67873320411921,1
3.4969519836559684,318.372694413177,5,74.45520344931043,1
1.4675921628334563,278.3288411643768,9,87.8940122624063,1
4.7593284944539,1828.2909569295255,7,94.43151762007244,0
3.5108322122856714,1371.480499582349,7,81.4637048337992,0
2.3396224586283445,1675.6449187018354,2,73.96806145295446,1
1.557088290653549,1770.0599105363078,6,75.90064591938469,0
4.1761007570811834,1186.3674688918122,0,77.12449915508152,0
3.480291023714054,1083.1480683345785,0,78.99692778983609,1
3.133844367905286,917.8120796098814,6,89.28385211518928,1
4.575570332203831,702.1985168031266,9,88.02836453613156,0
4.154388844898123,925.7323256315524,8,90.88239584701117,0
1.6066995189310047,1570.3713458872971,6,80.8750595359454,0
2.246888271182193,1243.65451892875,9,94.71992955639935,0
1.993956559257863,1795.7942509142076,4,76.12262983467281,0
3.975785170290708,942.4220273204567,7,84.07122242554462,1
1.1341297389431175,1253.4701995656326,1,94.0281616462429,1
3.279558739485266,1299.4843508747786,8,75.40475943197858,1
4.049834742962762,1224.2246083820185,5,73.29589341222349,1
4.507062547046997,1435.004168862481,8,96.5105190306397,0
2.36832699486363,551.1235899121319,1,80.28788988277587,1
4.285029218688051,1073.4911773370022,2,90.51610374727096,0
1.442526947820829,298.02712533586055,7,70.76045812791816,1
4.385809166938072,830.5715225251438,0,90.70140665228348,1
1.5099546493279297,1026.5674303804024,9,79.48303934640911,1
2.589149162241469,1339.2260931363976,6,71.67222560762325,1
4.1891814631182145,1906.0089999137867,6,88.29438284644351,0
1.5996697093950951,1241.2370264418762,0,77.2241144821952,1
1.917005580930566,1512.8284407354636,8,81.6042172615564,0
3.889010273572265,1061.9055130408851,7,72.4174243685954,1
3.8801461461842974,1304.7976596150295,3,74.41489753284836,0
3.564590531541189,234.77121065416952,9,78.93931706487531,1
3.7757937778684,583.3440035995093,10,72.69278501680472,1
3.1708977733903847,787.5208770897635,4,97.32478794058946,0
2.007196235627811,997.7373745123758,1,70.18141129551935,0
2.3827839740156778,186.73261645452908,8,84.51580656592934,1
1.7263908672057027,366.0457853513036,5,73.69742374397654,1
4.633802245334513,625.947184803481,2,79.23037268433845,0
3.333567179064482,1945.9121127119963,6,97.78178679454797,1
2.6034056670545596,729.5593134957965,8,74.8508365982196,0
2.8480232145765307,1015.8780104129568,2,98.97496959154998,1
4.789133358447261,472.58565420294656,1,76.17383130968265,1
1.6134056124643208,1260.4821350439597,6,92.24698325400489,1
3.344919328067189,633.2981094803512,6,86.40031794691936,0
3.023554715537864,493.2858990330109,3,96.53436182790277,1
3.4458169417385913,1081.4879940473602,10,86.61979766509393,1
1.072440735283362,110.46101840479956,8,86.03677657468926,1
4.488495635776606,114.56166203352812,7,75.863740011052,1
4.72847312993445,516.2307372935297,0,74.98688086154976,1
3.2605327343568358,169.77058875156018,0,97.49467453346543,1
3.786603295507569,305.24893284831364,4,79.83514596550103,1
4.689997524709183,743.835233743628,5,81.16246764888687,0
3.8289545372535945,1624.9127912016445,2,92.79470975285165,0
1.6101561716570454,1186.8924224016716,8,80.16470447268422,1
3.3051534406672527,1074.0686793171913,9,98.56187339917008,0
3.4268601855314236,657.6287640954312,5,92.13783306996402,1
2.696522685209544,1870.332066922351,3,87.9228772772026,1
3.9457769424988913,854.3285783506642,6,96.42685481634257,1
4.737468059076059,265.47625691196583,7,71.48817725048448,1
4.702274051627105,1272.4263806238225,8,77.71188076567626,1
2.8033574856165284,316.2929476055427,10,83.9510900266273,0
1.452952183363021,755.9239713232149,5,76.80935618414563,1
4.939364795849338,1064.0826835638368,5,92.31715561906455,1
4.355592345783736,1761.022796901834,7,97.57624093161175,0
1.4986507248130674,1037.7385026462255,4,82.7131035979277,1
4.683367530469489,1434.291655460162,2,80.26397800335685,0
4.479585448248513,1986.3519940982337,2,98.84652196412699,0
3.0753522285042885,349.8293278061651,5,83.34557298482622,1
3.365101742979717,621.9898984870871,1,84.6714520134785,0
2.596010815480521,849.6945436355281,5,80.54949617025716,1
1.2190465552881253,901.4735392237797,5,97.28645419036415,1
2.3407889665836037,880.940043004537,7,87.06866449845552,1
4.211413794392046,1824.4609048574544,6,92.86523761544933,1
1.0185280920184114,1456.6620244870273,7,94.3542015505266,1
2.3339966867645767,1255.0199067723372,8,80.25547125751774,1
2.5926747743637732,687.8081639392859,5,83.0108299396114,1
3.1495824117516915,1665.20173002046,2,95.45415323218793,0
4.679422465651042,1914.614971821479,9,80.89766055027431,1
2.385383977463845,1660.2767368454304,2,93.81805400355555,1
2.3878128075849108,102.97369986379852,10,98.22976967723311,1
3.9500049924389935,1309.1626033484733,0,88.69631119204021,0
2.8088717635592286,197.15722473999136,10,92.24881862355667,1
1.8984192917599279,589.4537186340715,4,94.15291936123404,1
2.8097580645307736,213.0969306607662,3,95.35118946689927,1
1.5634280815191994,1247.2113606038367,8,81.85160013570388,0
1.7055479460248932,1404.5208356359528,8,71.53790377527994,0
2.993471090957919,317.52651232521976,4,82.05628813710219,1
2.6757017980181916,829.2938777854611,9,90.21268689352269,1
4.6593836042724,966.8493670155299,3,83.51051157342378,0
2.4495755964665324,801.2007413457416,6,92.46889452581196,1
3.322353401112174,329.9475009218668,5,80.70947288405992,1
3.5290571516781215,896.0008013562033,3,89.0423242331209,1
1.0523778263533345,1527.2382908359943,9,75.59259414561924,1
3.6541494880668424,234.91456261318538,1,92.48108309934871,1
1.7121438674790057,252.34202675561656,0,86.37087906439078,1
4.84428126987782,774.06545448837,3,76.12193165639802,0
1.5946509110124518,1889.2788520759575,3,78.75733520493422,0
2.658496494908095,1370.2880287735368,0,92.45826125745498,1
1.3413986723145754,1389.472917677873,5,84.47803706984563,0
4.987497007383789,787.6479825919434,3,76.48094321179217,1
3.0087800413249703,1227.955503296223,0,99.01813571110893,1
3.381540069280175,119.24924965271242,0,91.45375059450663,1
1.26830590955371,1308.5824881781302,0,98.71404497619389,0
3.999841881596711,1835.24520039485,7,82.8131513608103,0
1.839622372382343,1263.8895898551564,9,84.25301022075162,1
4.592217157762855,1760.0273275860557,7,96.93865648555058,0
1.8205585619280287,1475.5488053855781,1,85.75148020736154,1
1.7627508826546663,329.0609911670115,10,91.21836735717001,0
1.1461986713923795,1814.6612838430992,6,77.5651863248659,0
2.888267780439997,226.24330427597226,7,83.40179406107922,0
3.2593645330504657,1114.5381978407513,7,73.70349597431066,1
1.2628345577134095,370.06053520756956,10,76.17940107630885,1
4.102110466780042,122.24256038871772,9,70.02830245802893,1
2.8131553389921105,901.8650942425141,10,71.1779515494598,1
3.09756107731032,660.5773445428969,6,99.31851469530788,1
2.7630509877529126,1023.4009382154458,4,77.27061085410287,1
2.603052243501304,1196.6797847956466,0,89.89932128512007,1
3.2385613252328715,183.10423738699998,8,95.17299096398835,1
1.62096098372285,333.7062607351167,6,86.51981377709693,1
1.7277125219810845,1161.4205532558083,1,74.59433500251869,1
4.447142484054069,752.0179710280506,5,91.84349312008499,0
4.784461848534531,1485.4296263439512,1,88.00754230298749,1
2.493237265119012,1339.3541323246855,0,91.93751768042125,1
2.082978692574215,1706.648289680823,6,93.09239868571262,1
3.575998172956063,1415.736370671528,1,99.26231103054235,1
2.6349366843923856,916.8690470412814,1,87.2068984008013,1
1.1015454226413794,1378.6365825494215,10,80.24923338071805,1
1.6246103894647614,623.2242310852952,4,89.45393670700712,1
3.86388891538959,681.9956476786041,4,72.05322127727878,0
3.6356957676406054,1599.0718038495072,6,96.92191954964758,1
1.108383970013934,948.1970811630061,0,73.5814303401459,1
1.8878886477317978,1616.9226469848697,7,79.83528513657456,1
1.9242991863522856,1662.602509969729,2,94.47236141878363,1
3.6875709743949137,1729.3684415564392,3,87.91937134992136,0
1.0788421510174566,1841.606948098294,8,81.80906560832327,1
1.4164343279382954,918.8719189752628,3,84.20306978125065,1
4.199664341492758,705.8469548101638,9,95.6364217960654,1
1.7141786482173345,1206.1776185288163,4,80.20013158179677,1
3.610984431407499,805.2276045314924,6,96.08949054436513,1
1.952731124186906,1242.0409169204427,3,72.64403292930075,0
1.3977655710373806,1440.6131390232667,0,93.30395311625892,1
1.9726887639978163,1407.9695351350601,8,95.4264289916421,0
3.8890677274226366,811.6504853382305,3,75.45452958512016,0
4.422785872425143,417.03438322763037,8,82.91039597116601,1
4.320879458267966,918.0057430781943,5,74.96499323990967,1
2.5887341184738193,370.9288737556266,0,91.19812386982653,1
3.6723405462825847,1791.1843668492359,2,86.0604330418497,0
1.8199371816632839,757.1671754019291,10,89.05970040124963,1
2.172590921044053,393.47351972431517,1,75.89460900868633,1
4.5853432740844795,148.35074382092665,8,76.35237586157258,1
1.0520076940429441,1327.06253394432,0,71.2449197652972,0
1.3420341234178723,1310.1144031640122,8,79.66202605587189,1
1.8315450205841093,747.1479165044542,8,86.79233984001024,0
1.1061288154952789,236.2525888105369,7,95.73804741991987,1
1.7257417403591893,878.2949003009409,7,90.00782342376041,1
3.3321662438787687,691.3132406204478,10,83.06188970199254,1
2.685698202369992,1386.5292154965177,0,98.59360343182414,0
4.570686844307899,1250.9805739601118,10,91.57735601727495,1
4.269774246953764,792.728083575326,7,97.9049560858765,1
2.367269406791504,513.9958530844813,9,85.82763919816497,0
2.03769373372517,1977.2683356956245,2,77.76712824379419,1
2.5187696326690676,962.6030802726183,10,71.58480059094165,0
3.361179770059231,1407.7210479824505,6,91.78254554451551,1
2.072254563291505,367.0506383988855,10,73.63908994016603,1
3.496595631396536,1022.6204293528558,0,79.08325384815902,1
2.6376466087649617,152.31976775198441,0,85.97412723651692,0
3.208188723407921,1060.3647240298549,9,86.93249763339243,0
2.7445061165412667,1931.6330735236345,4,88.01749590961408,1
2.1778630381676707,829.9927546730204,4,74.98765991049102,1
4.793813227848627,174.09242389233202,7,81.39212214464946,1
4.054423176639043,158.8160027467527,6,88.515826813509,1
1.5604527030658102,837.174843899052,7,99.09456593901353,1
4.473871903591651,404.0473792800687,5,91.82893413099066,1
2.9497247929980546,144.36898302355323,5,97.67811271281873,1
4.578208907576366,1536.8058665053359,1,92.86636174942531,1
4.199421023789261,971.1937168755923,5,87.75150906677202,0
2.700854017876934,649.5650667480436,4,75.76070107409033,0
1.0898772332804696,1810.1580477313134,2,90.00056955677539,1
2.0747094375397843,320.6640243809986,5,88.70138697879722,1
3.1665368586434677,1916.2457750151066,7,88.074075113718,1
3.533912879304589,696.5367630169703,8,84.69357603964723,1
2.031550741732809,1787.9669773864944,0,85.85969811967827,1
1.5574242962912965,1245.591465310977,2,80.03327581354313,1
4.339720947197197,1670.7439835088262,2,85.5793807792691,0
4.9376087228142085,1969.625010099882,10,75.92667717035435,0
3.1027607292107433,647.9703318556169,7,94.1552319208113,1
1.686717143393214,1926.1574222744266,0,75.57330864096123,0
2.089229306077476,840.0156003145987,4,72.54898869668399,1
1.073562706189867,832.4726190001523,2,83.08738079071472,1
4.657195226241996,746.7354980835609,1,89.74922318518185,0
1.4710043315605645,1128.674453960412,7,83.13150474800624,1
3.3060659020570142,392.8755820391255,2,78.30262395853926,1
2.096220882748824,1152.0518221802213,6,86.74513551671322,1
3.2167120100631736,1129.2391435790075,10,80.410070062366,0
3.605681553407457,1547.613443949253,0,97.98603070379899,1
4.318967214828806,1683.9349276814125,5,97.67935418810717,1
1.8256850870424128,936.8385655936057,2,85.07115459916287,1
1.043983314633922,674.4331737678381,7,79.83651982054775,1
1.547542520275229,592.7363049024796,5,92.11397241869918,1
4.60007456739242,469.78528973925665,1,71.101388304492,1
4.495560310250061,209.53040617814727,5,84.24307018130953,1
3.389652408681233,750.6511597859553,6,80.08970182811001,1
3.4020674417346135,613.4706150484882,4,97.61607655307664,1
3.660146698185022,1936.193033146174,2,70.36009081818048,0
1.7014851144937984,1159.6467698750835,3,86.58444627155048,1
4.657647783699839,759.8263741579643,3,92.21990743199878,1
2.6750820995682925,1202.8884418880223,5,84.55053962572124,1
2.53255411299799,364.47373255682146,9,72.56209090488164,0
3.07567082113135,943.6831234841856,0,99.17384170083707,1
1.1878638671002202,1289.8452107000212,10,85.54031294128293,1
1.6651334750243176,1028.9058804056576,3,88.42558732957033,0
3.9521344657054818,863.3797212432161,9,77.09829348122523,1
1.3311946717005059,1988.3119389094265,3,84.50494255320412,1
3.412608437865553,1772.5980480829612,9,82.87448475874966,0
1.9813964387252838,1284.4713205029361,0,72.24687526005951,0
2.557182456167906,1181.8169862463374,8,73.18481060642402,0
2.1547749470827995,1279.2549116667096,3,95.12417558856323,1
2.4226908658597965,482.4930048626232,6,77.19459856619771,1
3.876183620736982,850.7617122022053,2,75.84874814495892,0
2.1884868624927,174.9731124927087,9,85.14734353750418,1
3.2656185611875888,1003.5374712249707,2,93.06241394087539,1
2.9042016087963987,1131.74670951956,7,71.85839555736963,1
3.6546846614505926,532.7244985960982,7,87.30423758914768,1
4.747318957299032,1931.654809614476,10,73.5763132852172,0
3.930288388841001,1827.96376078076,0,71.09383152476855,0
1.859761514363027,1472.072147366221,9,71.58231856486653,1
1.1247325402451387,1113.434594654189,1,95.02492324625324,1
2.0490561771993003,1752.9414033306014,7,73.53917450884185,0
3.3803117228010193,348.23945326457954,0,71.35454093236876,0
1.2057032539370014,1601.9686091222816,7,83.13699661428737,1
2.9854649888049454,337.1595465370118,7,95.31980415826075,1
3.387371395667557,1609.0002588438704,1,77.87225129467906,1
2.3369755632678433,623.9583796775783,3,82.65137852577749,0
4.083648814983288,1766.472103934559,5,71.19767597691254,0
1.4263930125350872,1893.6799782682558,10,83.47235542404627,1
1.300551126943235,382.7123418697197,8,87.32839241911401,1
3.9127550248144134,979.0836496242476,7,87.12721161256434,1
2.981965264824794,1963.8760185091016,7,79.97280076523096,0
3.753609585710944,1018.4741283489785,6,79.46599541989407,1
2.739309354414985,1740.7402927776357,8,73.19870856809794,1
1.9856081329564272,1218.5898920495076,1,81.00394961938805,1
4.276409270696799,813.1268250472435,2,72.98484006618894,0
4.197663515875917,642.9887554991534,9,92.99787834136154,0
3.778785883417707,486.12387306356584,7,98.98822893244558,1
2.088580548919851,1547.4165636176247,5,99.10223370000121,0
3.3609226674763484,834.426962963753,9,95.95213298126181,1
2.443895587760107,1071.4233781814273,8,88.02376448018858,1
1.3663282933065366,1035.4184120022455,9,91.0259709173164,1
4.669254301848971,1196.8301555429493,3,78.55617408041242,1
1.5472745236758456,1744.5965766866493,7,88.92311260517862,1
4.80094941528321,1963.404752808516,9,83.66948648319632,1
2.784023091831823,874.4099962902521,2,84.46052019330797,1
1.7405317153544786,1672.2859520019758,2,92.73329681125475,1
3.1676037895134326,1552.6028098439635,7,78.45755066791754,0
4.491783343505633,1189.7050077655892,4,79.5411883508356,1
3.9288995456382447,1916.489572862673,2,97.7392537338591,1
4.2262445914457984,480.9015795039653,9,71.68672884552917,1
3.6351334668428694,307.6019995882807,10,84.56902895240022,1
3.76910625807141,1722.527737215302,0,97.38402401223586,0
4.396782606261278,934.3846516041218,2,88.31089023454471,1
1.9986720354367438,1709.240822993415,8,86.39221222636397,0
2.957699854572562,1796.8713898712883,4,77.49232537688066,0
1.884837767278409,218.66942787623572,9,80.29826467193345,1
4.9506720319865885,1778.5830496735152,1,95.5614524741408,0
4.776237358746453,951.8062052019021,6,86.77654395305375,1
1.1577072454740236,1069.8217291080412,1,85.4422658127034,1
3.822300690062754,1290.5257710770995,3,72.98739140620087,0
4.700993269662663,1860.1269527871648,6,70.4808446936537,0
1.7223013805093341,136.32057941655165,3,98.91055566061146,1
3.271780922210518,1006.0025898038525,6,81.30958501860525,1
4.661953190352167,1406.6718806180652,6,88.09639186298513,0
1.1357839143431954,1473.1432196266342,0,72.39145219561856,1
3.7896810689873597,1415.811619920505,5,90.4934285716914,1
2.189396029490203,355.4267458754315,8,97.97700126117883,1
4.697584781506121,668.8516179061943,1,87.2699575899226,0
4.884232980661471,781.5594982923255,2,73.78345967126232,0
4.777065956453736,1628.4306945910596,9,87.4516458242043,0
2.896856866629855,629.6437575876507,4,92.99041639313957,0
4.448170603957253,500.339431347686,8,82.19249609722056,1
4.378197594140282,1919.1512361723828,3,96.39513243824403,1
2.2764018929730225,116.8402417155909,0,89.46048860072094,1
4.315661896602709,1995.8596257957586,3,96.97746754867607,0
1.1480305388619705,1385.9604678290516,5,88.70515933742011,1
3.385079513928212,1674.0916689533224,4,73.93863916014473,0
1.9200353491508122,659.776853057767,0,79.29075133315567,1
1.4822675431091152,127.19902756741396,3,76.05384844757371,1
1.3078128065168366,1501.952085266907,5,97.26479493150586,1
3.785155103512559,1684.874734301284,9,92.81200201862448,1
2.3594998550722646,1506.9046507116864,9,90.29195106730018,1
3.899067086115046,371.41554587159334,3,79.02898958894865,1
1.2614253631957695,1531.5130522882412,8,75.52134316150641,1
2.2611613513224413,1560.9532860045178,4,92.69353263966735,1
3.157965169501349,1351.2269797731044,7,84.22473837637239,1
4.162892659355855,1555.6202723116137,8,76.77368656451887,1
2.2750100117282797,1707.250735387691,9,88.49865934495826,1
3.5035655057480364,1265.847817051171,4,71.21001556415357,1
4.543910992944749,268.3489565423902,5,79.78510762384761,1
3.4634527527292183,1026.4928383677006,0,84.05670983773405,0
1.931837899014535,247.53373587604963,10,74.43875002328218,1
1.097603126226152,874.3317589616186,6,99.5396343277252,1
4.4803954956037195,873.5023293386926,3,76.27292093768843,1
1.0850776434015486,225.418703866459,10,73.91059390129797,1
4.498806690736798,762.7590145420107,1,76.1060462166069,1
3.115748536108848,310.8963877034982,4,93.07183399479173,1
4.756270794051584,1635.6468990175222,2,82.76516977815528,1
4.195132943094661,1900.6072493324946,5,86.96247819257614,0
4.99173644213335,237.40130299008337,7,70.63027470959082,1
2.4028472618068406,1914.7188938542326,6,71.03293925719943,1
4.068753155724508,1092.895538739816,2,83.37476649481049,1
2.6077236544369686,669.1747881123604,7,94.49965729604871,1
2.9195024812156354,246.03794302471067,1,96.55716636122696,1
3.5100218528734803,1051.1861093337939,9,72.6011970278692,1
4.4947084567453555,1609.5795345324225,8,86.15089306303068,0
4.93633387679718,1443.4643068067264,3,97.39689058837811,0
4.073093655458073,195.42942178155016,0,81.63918263193659,1
2.671067128669335,238.51348719901668,7,94.88697494285105,1
2.6854280091082807,865.4592370020105,6,74.01086963198308,0
3.950329206355566,661.0519386910922,10,98.06183469003396,1
1.9551085830732093,541.5302138064909,4,92.54269952593907,1
1.4418964525255786,633.9085479265558,9,98.24003178360705,1
2.418488630563106,1626.6172122640808,4,90.2985170065752,1
2.148955966616327,1865.5333019005225,6,80.9021179599828,1
2.1852324818239603,869.6951196023762,4,98.14543517574168,1
1.9344310041996398,1821.6109040517445,7,78.26700328927535,1
1.1683727585454475,710.8418323709757,10,79.96517566185197,1
1.0714957389336552,1005.2302740532041,5,91.0242525400522,1
4.950889558944127,529.4550958503994,4,92.9594889857616,0
2.7110925349434494,1316.9044801341036,8,97.88210451547462,0
2.5373065886387267,1960.064118832137,10,76.14407227168628,0
3.7185891307722794,1246.6368824824194,1,93.93994105657671,0
1.8730155514602567,779.8467598157429,0,92.1563816019089,1
4.799844735800901,1330.853147382004,7,71.91383668760794,1
4.145380057662209,333.54928908423636,2,81.61669423630622,0
1.357644009249038,1788.4522525042573,10,78.48296371180295,1
2.6703231031397134,1055.859506481689,6,79.13471273062092,1
4.516473230248659,953.76450987532,9,99.48840638664103,0
4.778928089165641,1213.1430980616865,10,89.28332240439784,1
2.869606044999479,1287.0893392998646,7,91.53028473380499,1
3.453645556842831,236.37403183037475,5,99.29852911945028,1
1.668135784368301,1396.9727203244645,9,81.31605347372916,0
4.964674504547906,559.6701925995062,8,94.05520505358417,0
1.9266868055337736,1456.5100017625207,6,83.03592889913486,1
4.770927096540502,1662.8161093299739,9,96.0860101544494,0
3.598586595969474,1627.5211643497885,4,75.4197262393391,0
3.4309471795154365,1149.7518380749893,7,98.43058531192838,1
3.0507540440660343,1088.3227953904272,1,76.56315125232639,1
1.9226792468710348,371.4643265448823,6,79.78661520942795,1
1.706112128022033,1573.1576857659577,3,92.68576702320341,0
1.8819448362807014,615.6778228487573,8,81.8126542469622,1
1.745753048577018,1043.7213033540984,0,88.2463413029934,1
4.118337894267013,640.1207765622818,6,83.33720503208285,1
2.4005010366669204,354.27388969941694,5,92.27109811269345,1
1.2313707062535855,1296.1596240942995,7,76.84993757105832,1
4.876410520563246,203.23086616351728,4,71.7537396171063,1
4.535143539853703,1522.42594483978,0,78.99788192419199,0
4.711009132780852,703.4149109961216,0,84.2292599460529,1
4.979631290585742,100.25591670852211,8,75.04060156578036,0
1.6955809968779492,1071.1453645507368,9,80.64391868969166,1
2.584968075610635,189.01862620244594,5,81.99949054880706,1
4.032953902816365,624.722159859709,9,71.7217553106482,1
3.784082472215169,1443.2553261658607,4,87.49921744552614,1
1.6155836253594202,219.11028108154514,0,96.53030283913863,1
4.2633324999624715,1694.7431354764044,5,74.55228738859157,0
1.8977622873466427,107.2578530513079,5,87.93424040204542,1
1.8952704592904923,568.9653514836143,2,89.94217614732538,1
3.1478976915736543,1507.7177066889358,7,82.58004041257865,1
3.3717597393668126,700.9132844856829,0,91.03292762092809,0
3.3203448313512447,293.5955373254257,0,82.32194630473036,1
1.3659473495910195,784.444445720813,5,85.13911863932304,1
4.5098434505215215,613.7472441305985,9,70.22059133663281,1
2.0624001703548243,1701.1526141050542,0,90.75160342404067,0
1.5180596851312167,695.3610434117719,5,89.84028036834174,1
4.554992319475909,1598.9716963744138,0,71.15202631979034,1
4.822605992919014,1794.557075140396,5,81.04750322185399,0
4.4485104690618025,924.2530971954061,2,99.37095522375003,1
4.238064298899513,1828.891973323345,7,82.62209687705851,1
3.620967922556087,816.9043025300664,5,85.05836215395524,1
3.2034294824365572,1931.7489913312056,10,97.29790474479155,0
1.3479470396456406,269.65009659858856,0,91.51785627597269,1
2.633812852282795,1405.3366063561612,4,87.46210393372671,0
2.490754068049256,1038.2466768681645,7,93.93414044023217,1
2.039015135041305,836.5327303657294,2,95.9309879936792,1
3.8936804547543398,1302.1525696223416,5,83.70664215211801,0
2.9835029403150832,1437.3284741052294,4,84.25325094795507,1
1.3241848636305917,108.29021233558727,5,81.58152806955508,1
1.8807328077992453,417.21086861967757,9,99.00118420055381,1
3.7330350546383837,1454.7874962052056,0,90.91498762871052,1
1.3045234379612007,1366.1322857985922,6,72.49669198624217,1
4.404827656195074,1935.4902597444866,8,95.88878869939055,1
2.9805861080558973,1545.9718014764876,1,84.41679822508804,1
2.922346309306592,1906.4681446895422,9,72.06261719267462,0
3.3696311386380704,1434.8269529161332,4,86.49151765489933,1
4.298723863700596,666.299196414942,9,82.51492836927106,0
2.391236831608772,300.1933522766273,3,96.33248214587874,1
3.7120646102362542,1585.4653403553775,5,76.11983810828163,1
3.2629278559831643,1323.8835208042403,5,94.79393828476549,1
2.0681130806776853,191.55342354726284,10,86.73066073556359,1
4.514519945420632,784.0958852118588,1,71.63830909640407,1
4.189704086427712,1917.9196494201437,1,99.15535903976453,0
3.633807338633702,1050.7621768493823,3,85.378457323096,0
4.402326916376968,922.1853584374388,0,78.72630562694748,0
4.4691768038392095,969.6292498026586,8,84.08220525967775,1
3.833451906860139,496.87717560981105,6,95.73573350552468,0
4.348053313454688,800.5436246431109,6,79.1470937315519,1
3.7898858466771346,802.6451863756356,2,75.780291894601,1
3.7205630870412016,199.47453835619757,10,73.87213740792645,0
3.474445512860737,1558.3784941840447,2,78.93578195170633,0
4.010866558230565,891.35842061737,0,93.4014426112013,1
1.6344204211722948,1662.1417849512043,2,84.14879095585785,1
4.523483036795714,1715.6612021278013,2,76.8244481108062,1
4.487374110980928,502.78870392745034,3,74.98554998829248,0
1.1169891321382366,1348.9716161232443,3,79.98188429531137,1
4.303267002259051,997.3354279096652,2,98.19773118657126,0
1.5154794698937808,1772.2978020508217,9,80.29080137770073,1
2.3404754170365676,509.90729043526284,7,99.64372227863906,1
3.974033025166431,1387.845080589084,7,84.55691367296069,1
1.6430395841932328,1254.729032280173,0,75.37491754870453,1
4.271868096476249,661.0728073864823,6,96.73420275380528,1
4.328536711830967,359.541716937228,10,83.81066119404481,1
3.029870935043345,1338.1155449068256,1,91.29014030513574,0
1.0255434868673343,1503.3351704514282,0,99.51134749627455,0
2.148152532699651,699.691953150365,2,71.50526050959922,0
3.467707673502969,1325.1819476423962,3,72.90083679362701,0
4.924744712109694,850.7487244618562,5,91.61370224388268,1
3.5272541080666735,1455.0930782369737,9,78.45475009886417,0
2.039214324256639,478.5090222987009,4,75.52904190850298,1
3.5360228123984454,1791.4085050087313,3,71.18085639459188,0
3.159941518863422,646.0782332846015,7,70.65540135958605,1
4.119381580604575,798.7933767366906,10,93.23456809359372,1
1.4279225553078336,210.3747089526646,3,74.0330028210865,1
4.0441116100081125,311.87320341042516,9,84.03161847913452,0
3.165066314704441,1080.1376151534234,1,88.17690445538449,1
4.851968015435979,608.4260857831458,2,82.85055401706539,1
2.3674886641547443,1687.4124289101694,5,70.813199570087,1
3.5304875725357925,127.9174384444123,7,93.50504507763726,1
4.72811242204007,820.2786924766788,7,70.31539673624961,1
1.410038911962717,740.956538861276,10,92.85669683132451,1
4.7489139489458045,136.72249874344197,8,96.79913481364369,1
3.7515428892032534,336.29995810096943,6,82.98519763171517,1
1.2713482364206876,885.9210823454071,1,86.06627419293395,1
2.203854267787265,1036.4427104501488,7,84.30950177852961,1
3.8326883545811263,868.1505197842513,6,81.67625855870317,1
1.2694024058750868,1108.7815889829783,7,96.6227360611108,1
3.328681840705093,1230.750182320795,2,96.81800532009972,1
2.383532227811827,118.8552601428877,6,80.07449093924603,1
3.4836620710699084,981.7808029616574,9,88.45209262044094,1
1.1829681352500514,1930.6485576864177,8,97.80722686437592,1
4.486147224609505,1086.1613322461426,2,98.86175496824055,0
4.893955876709588,1387.330308172011,9,85.26877121266142,1
4.875511421142766,692.5413300420781,5,83.5847441585298,1
3.998607326971699,1570.583618490249,1,78.36082947785577,1
1.5203449605225279,1568.5508155646187,1,98.7661561957123,0
4.033052783716091,1090.462490542864,4,74.28442913418603,0
1.098347665835206,1954.426264230506,4,87.39488728143175,0
1.088494206115989,338.5454080490414,6,78.47650802555917,1
2.294440876598165,132.2005632902039,1,78.3702487104339,1
2.954572761618663,1563.3006023384823,10,82.14905762128565,0
4.081629671231173,1633.5955209932768,6,99.96378807446963,0
3.7331815064260208,328.39373532909485,4,71.64898920519467,1
2.7836108255069933,604.6073826213515,5,87.35625454610594,1
2.0945066651266635,133.34949039659494,7,72.47716474105832,1
4.988498000630845,657.2863604830729,9,74.63562489971557,1
2.704725208943892,1568.969560445476,3,83.18688825318696,0
2.805548097318702,1084.1250026539,6,85.31380394039324,1
1.6544952847666767,761.3816270197474,5,77.76377225093572,0
4.1792381949997175,806.3046603220275,9,79.49371392623249,1
3.7747289031259545,102.57188885938949,1,72.60901060767799,1
1.8830784511550416,669.6210023739482,7,79.09659351532751,0
1.3295241824633708,1328.2716091120678,9,98.99675318141632,1
3.7219972082988524,1950.9694432510785,8,98.34122145017446,1
3.618044857124541,1709.4155712694092,4,80.04634870410955,1
2.0930381079928373,144.83043282650533,9,87.12561808836284,1
4.803454249001641,1807.2651488821948,3,97.28786173332833,1
1.604231567123601,1588.0769852673893,5,70.1855146792269,0
2.7293392041704077,1582.7146347848627,7,94.32050711012775,0
4.7744636806703955,970.1919421067859,10,98.45108658366757,1
2.6789092677044892,856.2100566135554,2,72.73977203000672,1
3.554103790656342,675.539884783066,9,74.84343058098763,1
2.590377591851177,224.82023201329497,10,98.82238908314066,1
2.09686080939468,533.6471906380283,10,86.1262043092104,1
4.935910591839313,568.5469064582468,0,70.42589903415171,1
2.637336025260172,1019.7464324493831,3,77.72895996290588,1
4.576396814716538,1520.1443725337185,3,83.49831022806579,0
1.9198184235643447,1000.2386739560985,0,90.78726733074303,1
1.8524188161003332,209.90445394960517,8,91.994811344104,1
1.1245363315380454,1919.8006218775874,2,99.86264538776368,0
3.60666730150354,1891.1762062788132,4,78.62533598151278,0
2.4741053748950446,1591.8601319819759,5,86.14660305605426,0
4.457432999358549,1983.5230129720192,7,85.99970643578816,1
2.8928396267662286,1134.5164323204995,5,82.16935778341713,1
4.872773711658887,1929.2598654810915,2,75.07485681527261,0
1.7421020628124846,243.64957717182648,5,99.32369689551527,1
4.474492671822443,794.7934216966055,0,95.59951559999757,0
4.106387411166967,528.2244092128551,3,84.94999084882711,1
4.083687378576208,472.08285985511304,5,88.09736268052089,1
4.379132912467551,367.52560289608454,6,76.81783160678987,0
4.044095963771996,1282.5859189753937,10,86.3136121117524,0
3.5048812865256616,1584.5115259198797,10,90.84910399364428,1
1.5249795107295503,1198.7669588986853,9,85.45501085159766,1
1.1301047179650077,379.2291482175984,2,99.70855511754823,1
4.683391391262747,1641.1351628735947,8,88.3402496874318,1
3.466601258082952,1308.3139436110841,6,81.12921137776507,1
4.186149163904705,837.5148416412915,0,93.16456082847515,1
2.9260894060502003,1380.8475615185196,1,75.11387534744927,0
1.469232755849578,593.8194605613824,0,81.53547441118799,1
1.5007431688102018,755.865196139,10,80.40876851132758,1
3.7422611489158855,1843.2231019507815,8,82.95421285323332,0
2.7212235795978508,651.9585607756987,8,93.45339477786179,1
1.8020989068013469,992.9777095000795,6,84.52519096490222,0
2.9663781869657475,1791.2681610524278,9,93.82043350797889,1
1.2568357483005363,1444.6705655083022,2,87.29466709419597,1
3.327885607657595,218.1861297129352,4,80.26208303972666,1
2.0759736177403907,379.87578413004366,3,94.29936231050416,1
4.190236402548752,114.89902246664195,6,77.14869011659275,1
2.241447835694295,1298.7514014354103,8,76.73148939399387,0
2.820880596327205,950.5795082797948,1,85.13508772164508,1
1.0464821596324025,355.1222167143235,7,77.82547737886267,1
1.2897875511782355,1920.074830007864,8,70.27261104853649,1
2.5699742256267393,1106.3534754966777,9,89.44892581896404,0
2.919755338868494,559.5972588144895,9,85.33281464417195,0
3.400082192477215,1051.1467851939442,8,83.36553443479484,1
2.166650314837213,1391.2786321967048,9,99.00905543854947,1
3.77992754450617,244.8545141497725,6,87.1359755188874,1
4.440489588756819,621.9372485909947,8,95.90294733368154,1
4.119403955573399,1633.2344326795878,8,74.1835070861548,0
1.1584753013934286,973.3632537650564,2,87.07619389388283,0
2.9220277890313158,1138.4965698613603,3,96.03938880192709,0
1.4197207136726995,922.3504041979916,1,87.49317271839695,1
1.9681800634501099,183.4098910217097,9,91.54042534381004,1
4.946650373068586,414.9245816582963,2,81.16130703436622,0
1.569982171606053,946.5291136095927,10,72.773485511112,1
2.9955526138054243,497.45238427506285,10,83.73700885381214,1
3.4726229372724764,194.9601544533896,4,81.83438172516573,1
3.809859882176416,1702.9343616984652,4,96.01180547136842,1
3.2385947339476564,1964.26580541182,5,77.31985907057417,1
1.0390833896767346,1606.971460593805,6,99.00202682605324,1
2.3058452329759676,1722.1913512388674,6,98.74414359413488,1
3.0708465735388457,559.7565476023863,0,77.42894929214316,1
1.3514659965793334,1925.1912534750795,1,80.44155866431961,1
2.402507724836723,474.15883846151394,8,96.86667222621655,1
1.1328124351654663,1907.7166396874813,9,98.99866662688322,1
1.314313988620083,1990.1566585353069,1,83.30317308508133,0
2.5876931048063843,1452.2733309174926,5,79.62991136922693,0
1.5308630161722414,1964.1730904044616,10,85.78282039754626,1
3.2701633930462326,1182.125581177497,10,90.63307619097205,1
3.757859876549063,593.1293880345717,0,78.2042354612494,0
4.2023467964363315,930.2921827646796,2,92.09419523857218,1
1.8006009769792404,1227.7657772196933,1,71.54972071343923,1
1.669930329036279,238.85496785132847,2,71.4788347829325,1
1.418271361337601,1282.4522027727676,4,81.58863115436635,1
3.545720998174547,1964.2378898483596,10,80.60419576182161,1
3.8259029059476046,461.20453458908247,9,79.46899646101457,0
1.1263445793025681,1605.9307209479282,5,84.7305928800673,1
4.744848984974759,1825.0077081812767,8,79.62200746934714,0
1.2078851346058896,1893.0330263584196,10,75.76773755404275,0
3.165185341204282,1924.2576483703497,9,79.28408647265803,1
3.8362420778036657,1090.7733135707967,3,99.24712818430704,1
4.483876494984342,1956.885025183857,6,82.33340250984546,0
3.856347728529711,1538.8893935554338,5,83.34138330575007,0
4.206912332279167,407.1757288502276,1,87.2963496985342,1
2.3578007701712242,1006.110202289143,9,99.5002230524268,1
4.2593004549860485,1464.8292332068077,10,77.2480382930729,0
1.3204593855387006,569.9466000562584,10,90.43846331597301,1
4.579266624242111,1317.168848742886,10,91.47954080625172,0
3.190369504614945,1366.5409101885766,7,88.21973250379197,1
4.269191079849975,409.1295132362752,6,72.65735018909932,1
2.8092731380732006,1173.662093660237,6,90.30616827482729,1
3.5743107807861,1566.0911308593545,7,71.92284133108527,1
3.105610643744453,1047.9017626182897,10,87.88427948649691,0
3.9263580870213275,122.99592187460411,0,92.18743531665228,1
1.3265199281223583,117.17309125065513,0,76.3290967185985,1
1.2414083359622552,778.3557535430232,7,95.24866022628322,1
1.9884129360405858,1859.7687300203859,3,70.91061416599013,1
1.6381787204527534,534.4858812468567,4,95.31438590974918,1
4.487134266368807,1305.2910088562055,7,83.80987151928295,0
1.8768559494321773,521.9441543173091,4,76.52763819794933,0
4.903461023276526,711.1729803531424,9,74.01334434981904,0
2.3475831670844274,1711.2799702428194,3,98.59921502747117,1
1.7284716627547971,1484.836740312899,5,72.1799676274347,1
4.1587940285699165,281.2586268951002,4,75.97280259807778,0
3.6348311020035045,914.5338398742239,6,80.43467042299137,1
2.992782865812556,155.4225509260025,9,88.60704546883362,1
3.221454203750525,1013.6912785457171,6,86.34403255828295,0
3.8768071130890553,1358.6246222320294,3,73.76930477236942,1
1.913818965325195,325.154984836488,4,78.69183951214644,1
4.985335664226968,648.8813839274147,2,77.16255313258073,1
4.8991726485871325,855.8895884540982,3,76.40628563471024,1
3.6013027453877475,1847.1089468464945,3,82.3343300943996,1
1.7981698037165805,1987.1845293036317,2,91.1209435777497,0
3.7209129697251653,185.33146809167013,9,76.52358796651708,1
1.2887936359167034,1545.915054641245,4,81.00036639108944,1
1.1226100088232243,806.2757261644522,4,81.72752280523487,1
2.0307315540448547,845.6705538360121,10,99.2936958830623,1
2.850491826957265,1533.1034493593431,6,98.63999070637206,0
4.4730900216335225,1845.0102210762764,3,94.00412748256228,0
3.908676279065232,1906.7643295548419,3,77.24976762457555,0
3.970826084799924,1196.5329134728095,8,72.04111942275009,0
2.7019733377923014,778.5302026709553,5,79.50712413161874,1
2.3837399701878517,1596.3432631316805,3,78.00383648301492,1
2.484155051938411,576.9026281983705,1,85.17777400439182,1
4.950598254944231,1171.7406547836838,5,93.33183730203379,0
1.16043676564993,781.299076897259,1,95.74968816636574,1
4.468125984489794,1347.5990400449646,4,95.34592256231525,0
3.3147016342895737,556.7579344976631,5,80.79026683669204,1
2.754461676758362,464.02659689616894,3,90.61703030382048,1
3.901030641660546,1844.6542646833304,2,79.38502592572661,0
2.9466757656988114,293.4269976041201,6,71.82716629705548,1
4.493692952326642,1061.3200246963702,1,91.04695796808826,1
4.602807456045034,519.6202876297169,10,70.29482657709363,1
2.6868837074938217,173.96693031876816,5,82.27547762375465,1
2.1073111889402063,168.43575475371014,3,79.88137807906227,1
3.369401314373449,432.9213670010719,5,90.80132615556558,1
4.649453382466763,1746.8636735614004,3,92.98736418281138,0
1.8426487560226663,636.7096135563506,3,79.12283907913852,1
3.491866334253931,1905.872424093062,3,94.3488104333456,1
3.526240880370082,1205.0823566794677,8,78.81750281514802,1
3.932452089661124,929.5669605606556,6,83.38979079959684,0
1.5262707405090392,1202.1687858719638,2,91.81055581042402,0
3.8632998587283542,1081.726931929909,2,90.78760687674365,0
4.636130082662564,1541.6748821389178,5,99.621054169366,1
1.7187324354809679,636.7425253484193,5,76.75483072647796,1
1.9501732996955106,770.7957440405745,3,89.86953740618748,1
4.885580376166558,1798.7791748131765,8,88.29045724827333,1
1.723907810837959,1898.2673749857704,3,97.45295363470089,1
4.4175403734783165,1795.8606322243015,8,74.69086424934625,0
2.969111425792139,896.9511885188958,3,92.55394490760798,1
1.9889242976127082,1582.6944557130753,1,87.04805848806305,1
4.482999605090045,1005.0378932720877,1,78.23997609363717,1
2.781221020010662,1045.3257190775942,4,84.23304742441522,0
3.0592694157187608,488.8922072088395,3,80.01329791209393,1
2.4369334775990628,1223.1475761911813,6,87.37940208365383,1
3.3718034057397097,453.6582057313611,10,96.67001832443998,1
1.654095490340091,729.9729282276681,4,87.07914953236606,1
2.564326146607043,1724.5573830778767,5,88.95167254979752,1
4.87764928934115,493.4440375006249,9,85.56243541344128,1
2.03253373080451,235.20074182952234,3,71.53496519336427,1
3.626946658165169,231.11442596435097,1,76.98575670628283,0
2.3007602568987795,1887.490588955905,9,84.76005188296249,0
4.093892502746403,1063.1488321274858,8,79.30705851234114,1
1.5234946428733993,877.8829364523348,9,75.45290793283583,1
4.879284180314179,1640.669303915045,6,85.12398525755314,0
2.815158165534557,1688.0692630299804,3,79.68429380343551,1
1.9442018533858558,731.1629629196487,2,77.74322929520244,1
1.2939869893200506,1417.874309200211,9,83.91956252321143,1
1.679031620350163,1565.1333501185845,2,73.9985277424652,1
3.0790957942240706,1343.8363050453136,8,97.83237199226221,0
2.348012705725145,388.0306421201888,4,96.03106293757718,1
4.315533463530437,1764.1778586824084,2,91.22861757221605,1
2.7235500946472238,1124.2796501984164,4,73.18641482765369,1
1.9948570903505196,636.697610103007,1,93.27631763409079,1
3.46857994641612,907.9335523316184,10,94.23871984327057,1
3.8271088675417833,171.38507175792404,3,93.03293853143013,1
1.6681676316037994,342.94692232259337,9,73.41897661357723,1
1.6704768651532707,1554.5388259801357,1,89.31723871203295,0
1.1466857077341719,100.02210603519566,1,95.02974387248196,1
3.945608060262562,891.4750741163551,7,87.32060203659003,0
3.6552181104872203,1092.769344062618,0,89.39222125684267,0
2.8985235029992555,203.80539800184738,6,83.75090438278919,1
4.376681795876788,1948.8485096474324,4,85.86121959652158,0
4.222680611800213,529.6381293743766,10,71.03130575055175,1
3.3414174575870086,677.9775673089337,7,89.16889065919854,1
4.4730851220530345,677.4907732845519,0,72.44341638673478,0
1.823364840147073,537.7916580229648,10,83.0504378302067,1
1.4476784775909115,102.80026196399169,6,78.77965293002224,1
2.0789984460679585,1485.7551087671932,4,86.3628385063514,1
1.2283474243572594,1937.0064496186421,3,74.00249006569621,1
3.124678112004128,526.1576182415856,6,90.74930205919955,1
4.746422769179846,1359.7896644265027,9,93.85034610785411,0
1.1573741626740386,1509.6030212215587,1,74.9006334922947,1
1.4884396560401072,1712.008220271997,0,73.12939262055646,0
2.808796113133741,902.9954743258573,0,74.36546448362077,1
4.73550007011162,675.5687207168155,10,96.31382685695505,1
2.264624419907002,718.0607546437591,0,85.84567785269068,1
3.0289392347535697,1453.9805328871744,4,84.01782988022508,0
1.1662914362015684,1651.8809863607084,9,73.20135457307063,0
1.5933728038483554,445.06653873754505,6,89.48668020270885,1
4.946520491835388,804.7879154997539,1,96.0399877568527,0
4.860474785744183,1813.686373823385,9,94.84557607970359,1
1.0197599237376385,1632.7176874200045,7,88.78164126942404,0
4.807247141692956,1971.230965248704,3,72.2583614995502,0
3.5564797512620014,1533.0716933959534,2,73.37191081528039,0
4.4716731780800885,847.0708819530523,9,71.47926961329475,1
2.8189594225354364,1222.2118845898117,10,77.72437649477408,1
3.062384114317001,1355.9270830699086,7,74.06984401481134,1
2.9553863210276807,249.06605100253552,1,77.80144120757302,0
3.6674570301844174,1134.5442222973436,10,81.55174167156885,1
1.5586050190252516,1447.7095740979582,10,98.28948352213408,0
1.1198943594907118,417.91047760201474,2,88.31128179345076,1
2.2317197663647637,1583.2002631085586,2,95.04921357048887,1
3.818723050946587,1209.1682829768122,9,91.31054502136996,1
1.8074138084917934,1909.2213928254298,10,73.37509391579896,0
3.6937297332996692,180.60236659309422,0,92.07761219121846,1
4.879648184429081,604.1196613553873,5,78.25296644677374,0
1.3756028631576735,1242.9523706696657,1,89.1732354098412,0
3.690408472900505,663.4638331912683,0,80.22885920928965,0
2.7750008772182846,1457.4059117353602,1,99.93016789793978,1
4.472569017510022,1542.1100367916688,5,77.90654438490333,0
1.7085991577895436,294.7803317263015,3,78.37391412322809,1
3.770503808904658,1076.3234819928587,5,97.92016766687195,1
4.35246115859244,1066.8920556230062,8,70.73933213908968,0
4.778456877896093,801.6334634095281,9,90.90066963619591,1
3.7329921131585833,1872.557238882377,9,91.75979172207634,1
2.9886990560337092,1672.2620077591203,7,95.09135732231198,1
3.4713889608048554,1424.6978256283098,0,99.23317931915426,1
4.475619937914873,1457.2206078964953,7,99.26805757469957,1
3.2824389865553187,977.2606732449262,8,71.95830272699392,1
1.1215482387873474,1849.889590083494,5,94.65517968258708,1
4.723794782027911,1419.7313117812423,9,89.38929800972144,1
3.7581070041262445,1485.0640171460511,4,89.42026403119274,1
3.706053543108986,1737.212717195956,5,73.85049779844084,1
1.8627006095908687,620.7360197501629,5,89.5056149933696,1
3.635541880930629,1633.4347173467356,8,99.47447741803744,1
2.575457622616634,470.95714561733485,3,97.3545570861834,1
3.6049319081659683,756.1497092652869,1,83.17391982414551,0
1.4263721212319629,737.6598631127011,10,71.19843919858283,1
3.631381218412144,1959.198389939367,10,80.86880470000614,0
4.997654903082666,1727.420725121061,8,94.79170934801665,1
1.1928481554422241,1432.2227370214935,1,91.04497304395498,1
4.908696736885269,1481.4078470692411,9,83.7803096678187,0
2.6276318428914824,1167.938309364885,8,71.65304605476493,1
4.483013801349037,1899.4722675061862,1,82.80684183469907,0
4.129541936233094,1042.891630476487,7,84.07074819153651,0
3.268065043946671,822.9836487527996,8,97.85666598682408,1
3.953796837005306,409.7671401700229,9,89.23258310746479,1
4.514062245205391,1593.79073929601,8,79.34958749963947,1
2.616561286604132,1495.4434709436237,9,85.75954793352165,0
2.308132646252955,830.2745731958563,8,71.9816592346648,1
3.670373542254339,147.86748652253578,1,99.1770470694921,1
4.231383767765035,1694.0949226642203,3,80.80179705792177,1
4.049140539106463,121.6941685627399,6,84.33602064739408,1
4.191254595434538,1437.0295812951967,1,80.65851922710767,0
2.742333259251732,1943.4885084795085,0,90.475351903486,1
4.2713368647000864,931.5565234815866,2,89.86696474988779,1
1.4808362214824338,546.4494694923103,3,91.45966931587407,1
3.177956391843398,1439.2549190824252,7,78.04429688835762,1
1.0230346419924863,1652.5434698296117,5,79.47005443492198,1
2.298343319601081,1138.2176005479098,10,73.75753693288624,0
2.4658461394855915,1937.3670229866777,1,89.66529915538338,0
2.5846907664370216,198.17057115012608,8,71.19391382006958,1
3.7818688267594487,1059.1116367786035,1,87.93047006570377,1
2.554232405081383,1465.0624999128452,4,96.09087654554901,1
2.7947744904901226,1739.01689518344,3,96.72496444868901,1
1.9501765234973099,440.5856626248011,6,83.47113281109885,1
2.4930071665173603,1620.0066153509947,7,83.77911064639221,1
1.909078509052606,1150.1434438652361,4,72.30907549024052,0
1.2927836950737746,853.4519957809301,9,90.12295076329107,1
3.4137943735255116,350.25855430027775,4,94.63778261118537,1
3.672851194220065,1744.0619419269335,1,77.33965163814139,1
3.477961384038458,398.81909554145915,7,82.63902644900094,1
2.8539761752022894,688.5969324972885,1,95.16518010295812,0
2.5191431207169193,651.0865107286301,9,96.31361402986865,1
4.4533345982873005,1755.6866649626231,5,77.29539940792678,1
